-- phpMyAdmin SQL Dump
-- version 5.1.1
-- https://www.phpmyadmin.net/
--
-- Servidor: 127.0.0.1:3306
-- Tiempo de generación: 27-08-2022 a las 23:28:47
-- Versión del servidor: 10.5.15-MariaDB-cll-lve
-- Versión de PHP: 7.2.34

SET SQL_MODE = "NO_AUTO_VALUE_ON_ZERO";
START TRANSACTION;
SET time_zone = "+00:00";


/*!40101 SET @OLD_CHARACTER_SET_CLIENT=@@CHARACTER_SET_CLIENT */;
/*!40101 SET @OLD_CHARACTER_SET_RESULTS=@@CHARACTER_SET_RESULTS */;
/*!40101 SET @OLD_COLLATION_CONNECTION=@@COLLATION_CONNECTION */;
/*!40101 SET NAMES utf8mb4 */;

--
-- Base de datos: `u299032672_apphotel`
--

-- --------------------------------------------------------

--
-- Estructura de tabla para la tabla `habitaciones`
--

CREATE TABLE `habitaciones` (
  `idhabitaciones` int(11) NOT NULL,
  `idHotel` int(11) NOT NULL DEFAULT 0,
  `foliohabitaciones` int(11) NOT NULL DEFAULT 0,
  `numhabitacionhuesped` int(11) NOT NULL DEFAULT 0,
  `qrhabitaciones` text DEFAULT NULL,
  `qrPdf` text DEFAULT NULL,
  `fechahabitaciones` datetime NOT NULL DEFAULT current_timestamp()
) ENGINE=InnoDB DEFAULT CHARSET=utf8mb4;

--
-- Volcado de datos para la tabla `habitaciones`
--

INSERT INTO `habitaciones` (`idhabitaciones`, `idHotel`, `foliohabitaciones`, `numhabitacionhuesped`, `qrhabitaciones`, `qrPdf`, `fechahabitaciones`) VALUES
(231, 68, 1, 3, '/68/CodeQr68-231.png', '/68/pdf/CodeQr68-231.pdf', '2022-05-23 18:30:53'),
(232, 68, 2, 0, '/68/CodeQr68-232.png', NULL, '2022-05-23 18:30:53'),
(233, 68, 3, 0, '/68/CodeQr68-233.png', NULL, '2022-05-23 18:30:53'),
(234, 68, 4, 0, '/68/CodeQr68-234.png', NULL, '2022-05-23 18:30:53'),
(235, 68, 5, 0, '/68/CodeQr68-235.png', NULL, '2022-05-23 18:30:53'),
(236, 68, 6, 0, '/68/CodeQr68-236.png', NULL, '2022-05-23 18:30:53'),
(237, 68, 7, 0, '/68/CodeQr68-237.png', NULL, '2022-05-23 18:30:53'),
(238, 68, 8, 0, '/68/CodeQr68-238.png', NULL, '2022-05-23 18:30:53'),
(239, 68, 9, 0, '/68/CodeQr68-239.png', NULL, '2022-05-23 18:30:53'),
(240, 68, 10, 0, '/68/CodeQr68-240.png', NULL, '2022-05-23 18:30:53'),
(241, 69, 1, 0, '/69/CodeQr69-241.png', NULL, '2022-05-24 20:31:13'),
(242, 69, 2, 0, '/69/CodeQr69-242.png', NULL, '2022-05-24 20:31:13'),
(243, 69, 3, 0, '/69/CodeQr69-243.png', NULL, '2022-05-24 20:31:13'),
(244, 69, 4, 0, '/69/CodeQr69-244.png', NULL, '2022-05-24 20:31:13'),
(245, 69, 5, 0, '/69/CodeQr69-245.png', NULL, '2022-05-24 20:31:13'),
(246, 69, 6, 0, '/69/CodeQr69-246.png', NULL, '2022-05-24 20:31:13'),
(247, 69, 7, 0, '/69/CodeQr69-247.png', NULL, '2022-05-24 20:31:13'),
(248, 69, 8, 0, '/69/CodeQr69-248.png', NULL, '2022-05-24 20:31:13'),
(249, 69, 9, 0, '/69/CodeQr69-249.png', NULL, '2022-05-24 20:31:13'),
(250, 69, 10, 0, '/69/CodeQr69-250.png', NULL, '2022-05-24 20:31:13'),
(251, 70, 1, 0, '/70/CodeQr70-251.png', NULL, '2022-05-25 02:07:40'),
(252, 70, 2, 0, '/70/CodeQr70-252.png', NULL, '2022-05-25 02:07:40'),
(253, 70, 3, 0, '/70/CodeQr70-253.png', NULL, '2022-05-25 02:07:40'),
(254, 70, 4, 0, '/70/CodeQr70-254.png', NULL, '2022-05-25 02:07:40'),
(255, 70, 5, 0, '/70/CodeQr70-255.png', NULL, '2022-05-25 02:07:40'),
(256, 70, 6, 0, '/70/CodeQr70-256.png', NULL, '2022-05-25 02:07:40'),
(257, 70, 7, 0, '/70/CodeQr70-257.png', NULL, '2022-05-25 02:07:40'),
(258, 70, 8, 0, '/70/CodeQr70-258.png', NULL, '2022-05-25 02:07:40'),
(259, 70, 9, 0, '/70/CodeQr70-259.png', NULL, '2022-05-25 02:07:40'),
(260, 70, 10, 0, '/70/CodeQr70-260.png', NULL, '2022-05-25 02:07:40'),
(261, 71, 1, 0, '/71/CodeQr71-261.png', NULL, '2022-06-01 01:47:59'),
(262, 71, 2, 0, '/71/CodeQr71-262.png', NULL, '2022-06-01 01:47:59'),
(263, 71, 3, 0, '/71/CodeQr71-263.png', NULL, '2022-06-01 01:47:59'),
(264, 71, 4, 0, '/71/CodeQr71-264.png', NULL, '2022-06-01 01:47:59'),
(265, 71, 5, 0, '/71/CodeQr71-265.png', NULL, '2022-06-01 01:47:59'),
(266, 71, 6, 0, '/71/CodeQr71-266.png', NULL, '2022-06-01 01:48:00'),
(267, 71, 7, 0, '/71/CodeQr71-267.png', NULL, '2022-06-01 01:48:00'),
(268, 71, 8, 0, '/71/CodeQr71-268.png', NULL, '2022-06-01 01:48:00'),
(269, 71, 9, 0, '/71/CodeQr71-269.png', NULL, '2022-06-01 01:48:00'),
(270, 71, 10, 0, '/71/CodeQr71-270.png', NULL, '2022-06-01 01:48:00'),
(271, 72, 1, 0, '/72/CodeQr72-271.png', NULL, '2022-06-02 20:13:38'),
(272, 72, 2, 12, '/72/CodeQr72-272.png', NULL, '2022-06-02 20:13:38'),
(273, 72, 3, 0, '/72/CodeQr72-273.png', NULL, '2022-06-02 20:13:38'),
(274, 72, 4, 0, '/72/CodeQr72-274.png', NULL, '2022-06-02 20:13:38'),
(275, 72, 5, 0, '/72/CodeQr72-275.png', NULL, '2022-06-02 20:13:38'),
(276, 72, 6, 0, '/72/CodeQr72-276.png', NULL, '2022-06-02 20:13:38'),
(277, 72, 7, 0, '/72/CodeQr72-277.png', NULL, '2022-06-02 20:13:38'),
(278, 72, 8, 0, '/72/CodeQr72-278.png', NULL, '2022-06-02 20:13:38'),
(279, 72, 9, 0, '/72/CodeQr72-279.png', NULL, '2022-06-02 20:13:38'),
(280, 72, 10, 0, '/72/CodeQr72-280.png', NULL, '2022-06-02 20:13:38'),
(281, 73, 1, 0, '/73/CodeQr73-281.png', '/73/pdf/CodeQr73-281.pdf', '2022-06-08 01:49:11'),
(282, 73, 2, 0, '/73/CodeQr73-282.png', '/73/pdf/CodeQr73-282.pdf', '2022-06-08 01:49:11'),
(283, 73, 3, 0, '/73/CodeQr73-283.png', '/73/pdf/CodeQr73-283.pdf', '2022-06-08 01:49:11'),
(284, 73, 4, 0, '/73/CodeQr73-284.png', '/73/pdf/CodeQr73-284.pdf', '2022-06-08 01:49:11'),
(285, 73, 5, 0, '/73/CodeQr73-285.png', '/73/pdf/CodeQr73-285.pdf', '2022-06-08 01:49:11'),
(286, 73, 6, 0, '/73/CodeQr73-286.png', '/73/pdf/CodeQr73-286.pdf', '2022-06-08 01:49:11'),
(287, 73, 7, 0, '/73/CodeQr73-287.png', '/73/pdf/CodeQr73-287.pdf', '2022-06-08 01:49:11'),
(288, 73, 8, 0, '/73/CodeQr73-288.png', '/73/pdf/CodeQr73-288.pdf', '2022-06-08 01:49:12'),
(289, 73, 9, 0, '/73/CodeQr73-289.png', '/73/pdf/CodeQr73-289.pdf', '2022-06-08 01:49:12'),
(290, 73, 10, 0, '/73/CodeQr73-290.png', '/73/pdf/CodeQr73-290.pdf', '2022-06-08 01:49:12'),
(291, 74, 1, 0, '/74/CodeQr74-291.png', '/74/pdf/CodeQr74-291.pdf', '2022-06-08 01:50:00'),
(292, 74, 2, 0, '/74/CodeQr74-292.png', '/74/pdf/CodeQr74-292.pdf', '2022-06-08 01:50:00'),
(293, 74, 3, 0, '/74/CodeQr74-293.png', '/74/pdf/CodeQr74-293.pdf', '2022-06-08 01:50:00'),
(294, 74, 4, 0, '/74/CodeQr74-294.png', '/74/pdf/CodeQr74-294.pdf', '2022-06-08 01:50:00'),
(295, 74, 5, 0, '/74/CodeQr74-295.png', '/74/pdf/CodeQr74-295.pdf', '2022-06-08 01:50:00'),
(296, 74, 6, 0, '/74/CodeQr74-296.png', '/74/pdf/CodeQr74-296.pdf', '2022-06-08 01:50:00'),
(297, 74, 7, 0, '/74/CodeQr74-297.png', '/74/pdf/CodeQr74-297.pdf', '2022-06-08 01:50:00'),
(298, 74, 8, 0, '/74/CodeQr74-298.png', '/74/pdf/CodeQr74-298.pdf', '2022-06-08 01:50:00'),
(299, 74, 9, 0, '/74/CodeQr74-299.png', '/74/pdf/CodeQr74-299.pdf', '2022-06-08 01:50:00'),
(300, 74, 10, 0, '/74/CodeQr74-300.png', '/74/pdf/CodeQr74-300.pdf', '2022-06-08 01:50:00'),
(301, 75, 1, 12, '/75/CodeQr75-301.png', '/75/pdf/CodeQr75-301.pdf', '2022-06-08 02:52:58'),
(302, 75, 2, 0, '/75/CodeQr75-302.png', '/75/pdf/CodeQr75-302.pdf', '2022-06-08 02:52:58'),
(303, 75, 3, 0, '/75/CodeQr75-303.png', '/75/pdf/CodeQr75-303.pdf', '2022-06-08 02:52:58'),
(304, 75, 4, 0, '/75/CodeQr75-304.png', '/75/pdf/CodeQr75-304.pdf', '2022-06-08 02:52:58'),
(305, 75, 5, 0, '/75/CodeQr75-305.png', '/75/pdf/CodeQr75-305.pdf', '2022-06-08 02:52:58'),
(306, 75, 6, 0, '/75/CodeQr75-306.png', '/75/pdf/CodeQr75-306.pdf', '2022-06-08 02:52:58'),
(307, 75, 7, 0, '/75/CodeQr75-307.png', '/75/pdf/CodeQr75-307.pdf', '2022-06-08 02:52:58'),
(308, 75, 8, 0, '/75/CodeQr75-308.png', '/75/pdf/CodeQr75-308.pdf', '2022-06-08 02:52:58'),
(309, 75, 9, 0, '/75/CodeQr75-309.png', '/75/pdf/CodeQr75-309.pdf', '2022-06-08 02:52:58'),
(310, 75, 10, 0, '/75/CodeQr75-310.png', '/75/pdf/CodeQr75-310.pdf', '2022-06-08 02:52:58'),
(311, 76, 1, 0, '/76/CodeQr76-311.png', '/76/pdf/CodeQr76-311.pdf', '2022-06-09 01:32:25'),
(312, 76, 2, 0, '/76/CodeQr76-312.png', '/76/pdf/CodeQr76-312.pdf', '2022-06-09 01:32:25'),
(313, 76, 3, 0, '/76/CodeQr76-313.png', '/76/pdf/CodeQr76-313.pdf', '2022-06-09 01:32:25'),
(314, 76, 4, 0, '/76/CodeQr76-314.png', '/76/pdf/CodeQr76-314.pdf', '2022-06-09 01:32:25'),
(315, 76, 5, 0, '/76/CodeQr76-315.png', '/76/pdf/CodeQr76-315.pdf', '2022-06-09 01:32:25'),
(316, 76, 6, 0, '/76/CodeQr76-316.png', '/76/pdf/CodeQr76-316.pdf', '2022-06-09 01:32:25'),
(317, 76, 7, 0, '/76/CodeQr76-317.png', '/76/pdf/CodeQr76-317.pdf', '2022-06-09 01:32:25'),
(318, 76, 8, 0, '/76/CodeQr76-318.png', '/76/pdf/CodeQr76-318.pdf', '2022-06-09 01:32:25'),
(319, 76, 9, 0, '/76/CodeQr76-319.png', '/76/pdf/CodeQr76-319.pdf', '2022-06-09 01:32:25'),
(320, 76, 10, 0, '/76/CodeQr76-320.png', '/76/pdf/CodeQr76-320.pdf', '2022-06-09 01:32:25'),
(321, 77, 1, 0, '/77/CodeQr77-321.png', '/77/pdf/CodeQr77-321.pdf', '2022-06-09 01:47:14'),
(322, 77, 2, 0, '/77/CodeQr77-322.png', '/77/pdf/CodeQr77-322.pdf', '2022-06-09 01:47:14'),
(323, 77, 3, 0, '/77/CodeQr77-323.png', '/77/pdf/CodeQr77-323.pdf', '2022-06-09 01:47:14'),
(324, 77, 4, 0, '/77/CodeQr77-324.png', '/77/pdf/CodeQr77-324.pdf', '2022-06-09 01:47:14'),
(325, 77, 5, 0, '/77/CodeQr77-325.png', '/77/pdf/CodeQr77-325.pdf', '2022-06-09 01:47:14'),
(326, 77, 6, 0, '/77/CodeQr77-326.png', '/77/pdf/CodeQr77-326.pdf', '2022-06-09 01:47:14'),
(327, 77, 7, 0, '/77/CodeQr77-327.png', '/77/pdf/CodeQr77-327.pdf', '2022-06-09 01:47:14'),
(328, 77, 8, 0, '/77/CodeQr77-328.png', '/77/pdf/CodeQr77-328.pdf', '2022-06-09 01:47:14'),
(329, 77, 9, 0, '/77/CodeQr77-329.png', '/77/pdf/CodeQr77-329.pdf', '2022-06-09 01:47:14'),
(330, 77, 10, 0, '/77/CodeQr77-330.png', '/77/pdf/CodeQr77-330.pdf', '2022-06-09 01:47:14'),
(331, 78, 1, 23, '/78/CodeQr78-331.png', '/78/pdf/CodeQr78-331.pdf', '2022-06-09 02:30:31'),
(332, 78, 2, 20, '/78/CodeQr78-332.png', '/78/pdf/CodeQr78-332.pdf', '2022-06-09 02:30:31'),
(333, 78, 3, 0, '/78/CodeQr78-333.png', '/78/pdf/CodeQr78-333.pdf', '2022-06-09 02:30:32'),
(334, 78, 4, 0, '/78/CodeQr78-334.png', '/78/pdf/CodeQr78-334.pdf', '2022-06-09 02:30:32'),
(335, 78, 5, 65, '/78/CodeQr78-335.png', '/78/pdf/CodeQr78-335.pdf', '2022-06-09 02:30:32'),
(336, 78, 6, 0, '/78/CodeQr78-336.png', '/78/pdf/CodeQr78-336.pdf', '2022-06-09 02:30:32'),
(337, 78, 7, 0, '/78/CodeQr78-337.png', '/78/pdf/CodeQr78-337.pdf', '2022-06-09 02:30:32'),
(338, 78, 8, 0, '/78/CodeQr78-338.png', '/78/pdf/CodeQr78-338.pdf', '2022-06-09 02:30:32'),
(339, 78, 9, 0, '/78/CodeQr78-339.png', '/78/pdf/CodeQr78-339.pdf', '2022-06-09 02:30:32'),
(340, 78, 10, 0, '/78/CodeQr78-340.png', '/78/pdf/CodeQr78-340.pdf', '2022-06-09 02:30:32'),
(341, 79, 1, 12, '/79/CodeQr79-341.png', '/79/pdf/CodeQr79-341.pdf', '2022-06-09 11:17:49'),
(342, 79, 2, 0, '/79/CodeQr79-342.png', '/79/pdf/CodeQr79-342.pdf', '2022-06-09 11:17:49'),
(343, 79, 3, 0, '/79/CodeQr79-343.png', '/79/pdf/CodeQr79-343.pdf', '2022-06-09 11:17:49'),
(344, 79, 4, 0, '/79/CodeQr79-344.png', '/79/pdf/CodeQr79-344.pdf', '2022-06-09 11:17:49'),
(345, 79, 5, 0, '/79/CodeQr79-345.png', '/79/pdf/CodeQr79-345.pdf', '2022-06-09 11:17:49'),
(346, 79, 6, 0, '/79/CodeQr79-346.png', '/79/pdf/CodeQr79-346.pdf', '2022-06-09 11:17:49'),
(347, 79, 7, 0, '/79/CodeQr79-347.png', '/79/pdf/CodeQr79-347.pdf', '2022-06-09 11:17:49'),
(348, 79, 8, 0, '/79/CodeQr79-348.png', '/79/pdf/CodeQr79-348.pdf', '2022-06-09 11:17:49'),
(349, 79, 9, 0, '/79/CodeQr79-349.png', '/79/pdf/CodeQr79-349.pdf', '2022-06-09 11:17:49'),
(350, 79, 10, 0, '/79/CodeQr79-350.png', '/79/pdf/CodeQr79-350.pdf', '2022-06-09 11:17:49'),
(351, 80, 1, 12, '/80/CodeQr80-351.png', '/80/pdf/CodeQr80-351.pdf', '2022-06-09 19:08:07'),
(352, 80, 2, 21, '/80/CodeQr80-352.png', '/80/pdf/CodeQr80-352.pdf', '2022-06-09 19:08:07'),
(353, 80, 3, 0, '/80/CodeQr80-353.png', '/80/pdf/CodeQr80-353.pdf', '2022-06-09 19:08:07'),
(354, 80, 4, 0, '/80/CodeQr80-354.png', '/80/pdf/CodeQr80-354.pdf', '2022-06-09 19:08:08'),
(355, 80, 5, 0, '/80/CodeQr80-355.png', '/80/pdf/CodeQr80-355.pdf', '2022-06-09 19:08:08'),
(356, 80, 6, 0, '/80/CodeQr80-356.png', '/80/pdf/CodeQr80-356.pdf', '2022-06-09 19:08:08'),
(357, 80, 7, 0, '/80/CodeQr80-357.png', '/80/pdf/CodeQr80-357.pdf', '2022-06-09 19:08:08'),
(358, 80, 8, 0, '/80/CodeQr80-358.png', '/80/pdf/CodeQr80-358.pdf', '2022-06-09 19:08:08'),
(359, 80, 9, 0, '/80/CodeQr80-359.png', '/80/pdf/CodeQr80-359.pdf', '2022-06-09 19:08:08'),
(360, 80, 10, 0, '/80/CodeQr80-360.png', '/80/pdf/CodeQr80-360.pdf', '2022-06-09 19:08:08'),
(361, 81, 1, 12, '/81/CodeQr81-361.png', '/81/pdf/CodeQr81-361.pdf', '2022-06-10 04:25:02'),
(362, 81, 2, 0, '/81/CodeQr81-362.png', '/81/pdf/CodeQr81-362.pdf', '2022-06-10 04:25:02'),
(363, 81, 3, 0, '/81/CodeQr81-363.png', '/81/pdf/CodeQr81-363.pdf', '2022-06-10 04:25:02'),
(364, 81, 4, 0, '/81/CodeQr81-364.png', '/81/pdf/CodeQr81-364.pdf', '2022-06-10 04:25:02'),
(365, 81, 5, 0, '/81/CodeQr81-365.png', '/81/pdf/CodeQr81-365.pdf', '2022-06-10 04:25:02'),
(366, 81, 6, 0, '/81/CodeQr81-366.png', '/81/pdf/CodeQr81-366.pdf', '2022-06-10 04:25:02'),
(367, 81, 7, 0, '/81/CodeQr81-367.png', '/81/pdf/CodeQr81-367.pdf', '2022-06-10 04:25:03'),
(368, 81, 8, 0, '/81/CodeQr81-368.png', '/81/pdf/CodeQr81-368.pdf', '2022-06-10 04:25:03'),
(369, 81, 9, 0, '/81/CodeQr81-369.png', '/81/pdf/CodeQr81-369.pdf', '2022-06-10 04:25:03'),
(370, 81, 10, 0, '/81/CodeQr81-370.png', '/81/pdf/CodeQr81-370.pdf', '2022-06-10 04:25:03'),
(371, 82, 1, 25, '/82/CodeQr82-371.png', '/82/pdf/CodeQr82-371.pdf', '2022-06-10 18:46:55'),
(372, 82, 2, 0, '/82/CodeQr82-372.png', '/82/pdf/CodeQr82-372.pdf', '2022-06-10 18:46:55'),
(373, 82, 3, 0, '/82/CodeQr82-373.png', '/82/pdf/CodeQr82-373.pdf', '2022-06-10 18:46:55'),
(374, 82, 4, 0, '/82/CodeQr82-374.png', '/82/pdf/CodeQr82-374.pdf', '2022-06-10 18:46:55'),
(375, 82, 5, 0, '/82/CodeQr82-375.png', '/82/pdf/CodeQr82-375.pdf', '2022-06-10 18:46:55'),
(376, 82, 6, 0, '/82/CodeQr82-376.png', '/82/pdf/CodeQr82-376.pdf', '2022-06-10 18:46:55'),
(377, 82, 7, 0, '/82/CodeQr82-377.png', '/82/pdf/CodeQr82-377.pdf', '2022-06-10 18:46:55'),
(378, 82, 8, 0, '/82/CodeQr82-378.png', '/82/pdf/CodeQr82-378.pdf', '2022-06-10 18:46:55'),
(379, 82, 9, 0, '/82/CodeQr82-379.png', '/82/pdf/CodeQr82-379.pdf', '2022-06-10 18:46:55'),
(380, 82, 10, 0, '/82/CodeQr82-380.png', '/82/pdf/CodeQr82-380.pdf', '2022-06-10 18:46:55'),
(381, 83, 1, 0, '/83/CodeQr83-381.png', '/83/pdf/CodeQr83-381.pdf', '2022-06-10 19:59:24'),
(382, 83, 2, 0, '/83/CodeQr83-382.png', '/83/pdf/CodeQr83-382.pdf', '2022-06-10 19:59:24'),
(383, 83, 3, 0, '/83/CodeQr83-383.png', '/83/pdf/CodeQr83-383.pdf', '2022-06-10 19:59:24'),
(384, 83, 4, 0, '/83/CodeQr83-384.png', '/83/pdf/CodeQr83-384.pdf', '2022-06-10 19:59:24'),
(385, 83, 5, 0, '/83/CodeQr83-385.png', '/83/pdf/CodeQr83-385.pdf', '2022-06-10 19:59:24'),
(386, 83, 6, 0, '/83/CodeQr83-386.png', '/83/pdf/CodeQr83-386.pdf', '2022-06-10 19:59:24'),
(387, 83, 7, 0, '/83/CodeQr83-387.png', '/83/pdf/CodeQr83-387.pdf', '2022-06-10 19:59:24'),
(388, 83, 8, 0, '/83/CodeQr83-388.png', '/83/pdf/CodeQr83-388.pdf', '2022-06-10 19:59:24'),
(389, 83, 9, 0, '/83/CodeQr83-389.png', '/83/pdf/CodeQr83-389.pdf', '2022-06-10 19:59:24'),
(390, 83, 10, 0, '/83/CodeQr83-390.png', '/83/pdf/CodeQr83-390.pdf', '2022-06-10 19:59:24'),
(391, 84, 1, 0, '/84/CodeQr84-391.png', '/84/pdf/CodeQr84-391.pdf', '2022-06-10 20:16:46'),
(392, 84, 2, 0, '/84/CodeQr84-392.png', '/84/pdf/CodeQr84-392.pdf', '2022-06-10 20:16:46'),
(393, 84, 3, 0, '/84/CodeQr84-393.png', '/84/pdf/CodeQr84-393.pdf', '2022-06-10 20:16:46'),
(394, 84, 4, 0, '/84/CodeQr84-394.png', '/84/pdf/CodeQr84-394.pdf', '2022-06-10 20:16:46'),
(395, 84, 5, 0, '/84/CodeQr84-395.png', '/84/pdf/CodeQr84-395.pdf', '2022-06-10 20:16:46'),
(396, 84, 6, 0, '/84/CodeQr84-396.png', '/84/pdf/CodeQr84-396.pdf', '2022-06-10 20:16:46'),
(397, 84, 7, 0, '/84/CodeQr84-397.png', '/84/pdf/CodeQr84-397.pdf', '2022-06-10 20:16:46'),
(398, 84, 8, 0, '/84/CodeQr84-398.png', '/84/pdf/CodeQr84-398.pdf', '2022-06-10 20:16:46'),
(399, 84, 9, 0, '/84/CodeQr84-399.png', '/84/pdf/CodeQr84-399.pdf', '2022-06-10 20:16:46'),
(400, 84, 10, 0, '/84/CodeQr84-400.png', '/84/pdf/CodeQr84-400.pdf', '2022-06-10 20:16:46'),
(401, 85, 1, 12, '/85/CodeQr85-401.png', '/85/pdf/CodeQr85-401.pdf', '2022-06-10 21:08:26'),
(402, 85, 2, 0, '/85/CodeQr85-402.png', '/85/pdf/CodeQr85-402.pdf', '2022-06-10 21:08:26'),
(403, 85, 3, 0, '/85/CodeQr85-403.png', '/85/pdf/CodeQr85-403.pdf', '2022-06-10 21:08:26'),
(404, 85, 4, 0, '/85/CodeQr85-404.png', '/85/pdf/CodeQr85-404.pdf', '2022-06-10 21:08:26'),
(405, 85, 5, 0, '/85/CodeQr85-405.png', '/85/pdf/CodeQr85-405.pdf', '2022-06-10 21:08:26'),
(406, 85, 6, 0, '/85/CodeQr85-406.png', '/85/pdf/CodeQr85-406.pdf', '2022-06-10 21:08:26'),
(407, 85, 7, 0, '/85/CodeQr85-407.png', '/85/pdf/CodeQr85-407.pdf', '2022-06-10 21:08:26'),
(408, 85, 8, 0, '/85/CodeQr85-408.png', '/85/pdf/CodeQr85-408.pdf', '2022-06-10 21:08:26'),
(409, 85, 9, 0, '/85/CodeQr85-409.png', '/85/pdf/CodeQr85-409.pdf', '2022-06-10 21:08:26'),
(410, 85, 10, 0, '/85/CodeQr85-410.png', '/85/pdf/CodeQr85-410.pdf', '2022-06-10 21:08:26'),
(411, 86, 1, 12, '/86/CodeQr86-411.png', '/86/pdf/CodeQr86-411.pdf', '2022-06-11 03:56:18'),
(412, 86, 2, 23, '/86/CodeQr86-412.png', '/86/pdf/CodeQr86-412.pdf', '2022-06-11 03:56:18'),
(413, 86, 3, 8, '/86/CodeQr86-413.png', '/86/pdf/CodeQr86-413.pdf', '2022-06-11 03:56:18'),
(414, 86, 4, 0, '/86/CodeQr86-414.png', '/86/pdf/CodeQr86-414.pdf', '2022-06-11 03:56:18'),
(415, 86, 5, 3, '/86/CodeQr86-415.png', '/86/pdf/CodeQr86-415.pdf', '2022-06-11 03:56:18'),
(416, 86, 6, 0, '/86/CodeQr86-416.png', '/86/pdf/CodeQr86-416.pdf', '2022-06-11 03:56:18'),
(417, 86, 7, 2, '/86/CodeQr86-417.png', '/86/pdf/CodeQr86-417.pdf', '2022-06-11 03:56:18'),
(418, 86, 8, 0, '/86/CodeQr86-418.png', '/86/pdf/CodeQr86-418.pdf', '2022-06-11 03:56:18'),
(419, 86, 9, 0, '/86/CodeQr86-419.png', '/86/pdf/CodeQr86-419.pdf', '2022-06-11 03:56:18'),
(420, 86, 10, 0, '/86/CodeQr86-420.png', '/86/pdf/CodeQr86-420.pdf', '2022-06-11 03:56:18'),
(421, 87, 1, 1, '/87/CodeQr87-421.png', '/87/pdf/CodeQr87-421.pdf', '2022-06-11 14:08:26'),
(422, 87, 2, 56, '/87/CodeQr87-422.png', '/87/pdf/CodeQr87-422.pdf', '2022-06-11 14:08:26'),
(423, 87, 3, 14, '/87/CodeQr87-423.png', '/87/pdf/CodeQr87-423.pdf', '2022-06-11 14:08:26'),
(424, 87, 4, 15, '/87/CodeQr87-424.png', '/87/pdf/CodeQr87-424.pdf', '2022-06-11 14:08:26'),
(425, 87, 5, 16, '/87/CodeQr87-425.png', '/87/pdf/CodeQr87-425.pdf', '2022-06-11 14:08:26'),
(426, 87, 6, 17, '/87/CodeQr87-426.png', '/87/pdf/CodeQr87-426.pdf', '2022-06-11 14:08:26'),
(427, 87, 7, 112, '/87/CodeQr87-427.png', '/87/pdf/CodeQr87-427.pdf', '2022-06-11 14:08:26'),
(428, 87, 8, 18, '/87/CodeQr87-428.png', '/87/pdf/CodeQr87-428.pdf', '2022-06-11 14:08:26'),
(429, 87, 9, 19, '/87/CodeQr87-429.png', '/87/pdf/CodeQr87-429.pdf', '2022-06-11 14:08:27'),
(430, 87, 10, 20, '/87/CodeQr87-430.png', '/87/pdf/CodeQr87-430.pdf', '2022-06-11 14:08:27'),
(431, 88, 1, 1, '/88/CodeQr88-431.png', '/88/pdf/CodeQr88-431.pdf', '2022-06-14 02:39:59'),
(432, 88, 2, 2, '/88/CodeQr88-432.png', '/88/pdf/CodeQr88-432.pdf', '2022-06-14 02:39:59'),
(433, 88, 3, 3, '/88/CodeQr88-433.png', '/88/pdf/CodeQr88-433.pdf', '2022-06-14 02:39:59'),
(434, 88, 4, 4, '/88/CodeQr88-434.png', '/88/pdf/CodeQr88-434.pdf', '2022-06-14 02:39:59'),
(435, 88, 5, 5, '/88/CodeQr88-435.png', '/88/pdf/CodeQr88-435.pdf', '2022-06-14 02:39:59'),
(436, 88, 6, 6, '/88/CodeQr88-436.png', '/88/pdf/CodeQr88-436.pdf', '2022-06-14 02:39:59'),
(437, 88, 7, 7, '/88/CodeQr88-437.png', '/88/pdf/CodeQr88-437.pdf', '2022-06-14 02:39:59'),
(438, 88, 8, 8, '/88/CodeQr88-438.png', '/88/pdf/CodeQr88-438.pdf', '2022-06-14 02:39:59'),
(439, 88, 9, 9, '/88/CodeQr88-439.png', '/88/pdf/CodeQr88-439.pdf', '2022-06-14 02:39:59'),
(440, 88, 10, 10, '/88/CodeQr88-440.png', '/88/pdf/CodeQr88-440.pdf', '2022-06-14 02:39:59'),
(441, 89, 1, 1, '/89/CodeQr89-441.png', '/89/pdf/CodeQr89-441.pdf', '2022-06-14 02:54:22'),
(442, 89, 2, 2, '/89/CodeQr89-442.png', '/89/pdf/CodeQr89-442.pdf', '2022-06-14 02:54:22'),
(443, 89, 3, 3, '/89/CodeQr89-443.png', '/89/pdf/CodeQr89-443.pdf', '2022-06-14 02:54:22'),
(444, 89, 4, 4, '/89/CodeQr89-444.png', '/89/pdf/CodeQr89-444.pdf', '2022-06-14 02:54:22'),
(445, 89, 5, 5, '/89/CodeQr89-445.png', '/89/pdf/CodeQr89-445.pdf', '2022-06-14 02:54:22'),
(446, 89, 6, 6, '/89/CodeQr89-446.png', '/89/pdf/CodeQr89-446.pdf', '2022-06-14 02:54:22'),
(447, 89, 7, 7, '/89/CodeQr89-447.png', '/89/pdf/CodeQr89-447.pdf', '2022-06-14 02:54:22'),
(448, 89, 8, 8, '/89/CodeQr89-448.png', '/89/pdf/CodeQr89-448.pdf', '2022-06-14 02:54:22'),
(449, 89, 9, 9, '/89/CodeQr89-449.png', '/89/pdf/CodeQr89-449.pdf', '2022-06-14 02:54:22'),
(450, 89, 10, 10, '/89/CodeQr89-450.png', '/89/pdf/CodeQr89-450.pdf', '2022-06-14 02:54:22'),
(451, 90, 1, 1, '/90/CodeQr90-451.png', '/90/pdf/CodeQr90-451.pdf', '2022-06-14 02:55:09'),
(452, 90, 2, 2, '/90/CodeQr90-452.png', '/90/pdf/CodeQr90-452.pdf', '2022-06-14 02:55:09'),
(453, 90, 3, 3, '/90/CodeQr90-453.png', '/90/pdf/CodeQr90-453.pdf', '2022-06-14 02:55:09'),
(454, 90, 4, 4, '/90/CodeQr90-454.png', '/90/pdf/CodeQr90-454.pdf', '2022-06-14 02:55:09'),
(455, 90, 5, 5, '/90/CodeQr90-455.png', '/90/pdf/CodeQr90-455.pdf', '2022-06-14 02:55:09'),
(456, 90, 6, 6, '/90/CodeQr90-456.png', '/90/pdf/CodeQr90-456.pdf', '2022-06-14 02:55:09'),
(457, 90, 7, 7, '/90/CodeQr90-457.png', '/90/pdf/CodeQr90-457.pdf', '2022-06-14 02:55:09'),
(458, 90, 8, 8, '/90/CodeQr90-458.png', '/90/pdf/CodeQr90-458.pdf', '2022-06-14 02:55:09'),
(459, 90, 9, 9, '/90/CodeQr90-459.png', '/90/pdf/CodeQr90-459.pdf', '2022-06-14 02:55:09'),
(460, 90, 10, 10, '/90/CodeQr90-460.png', '/90/pdf/CodeQr90-460.pdf', '2022-06-14 02:55:09'),
(461, 91, 1, 1, '/91/CodeQr91-461.png', '/91/pdf/CodeQr91-461.pdf', '2022-06-14 02:56:07'),
(462, 91, 2, 2, '/91/CodeQr91-462.png', '/91/pdf/CodeQr91-462.pdf', '2022-06-14 02:56:07'),
(463, 91, 3, 3, '/91/CodeQr91-463.png', '/91/pdf/CodeQr91-463.pdf', '2022-06-14 02:56:07'),
(464, 91, 4, 4, '/91/CodeQr91-464.png', '/91/pdf/CodeQr91-464.pdf', '2022-06-14 02:56:07'),
(465, 91, 5, 5, '/91/CodeQr91-465.png', '/91/pdf/CodeQr91-465.pdf', '2022-06-14 02:56:07'),
(466, 91, 6, 6, '/91/CodeQr91-466.png', '/91/pdf/CodeQr91-466.pdf', '2022-06-14 02:56:07'),
(467, 91, 7, 7, '/91/CodeQr91-467.png', '/91/pdf/CodeQr91-467.pdf', '2022-06-14 02:56:07'),
(468, 91, 8, 8, '/91/CodeQr91-468.png', '/91/pdf/CodeQr91-468.pdf', '2022-06-14 02:56:07'),
(469, 91, 9, 9, '/91/CodeQr91-469.png', '/91/pdf/CodeQr91-469.pdf', '2022-06-14 02:56:07'),
(470, 91, 10, 10, '/91/CodeQr91-470.png', '/91/pdf/CodeQr91-470.pdf', '2022-06-14 02:56:07'),
(471, 92, 1, 1, '/92/CodeQr92-471.png', '/92/pdf/CodeQr92-471.pdf', '2022-06-14 02:56:49'),
(472, 92, 2, 2, '/92/CodeQr92-472.png', '/92/pdf/CodeQr92-472.pdf', '2022-06-14 02:56:49'),
(473, 92, 3, 3, '/92/CodeQr92-473.png', '/92/pdf/CodeQr92-473.pdf', '2022-06-14 02:56:49'),
(474, 92, 4, 4, '/92/CodeQr92-474.png', '/92/pdf/CodeQr92-474.pdf', '2022-06-14 02:56:50'),
(475, 92, 5, 5, '/92/CodeQr92-475.png', '/92/pdf/CodeQr92-475.pdf', '2022-06-14 02:56:50'),
(476, 92, 6, 6, '/92/CodeQr92-476.png', '/92/pdf/CodeQr92-476.pdf', '2022-06-14 02:56:50'),
(477, 92, 7, 7, '/92/CodeQr92-477.png', '/92/pdf/CodeQr92-477.pdf', '2022-06-14 02:56:50'),
(478, 92, 8, 8, '/92/CodeQr92-478.png', '/92/pdf/CodeQr92-478.pdf', '2022-06-14 02:56:50'),
(479, 92, 9, 9, '/92/CodeQr92-479.png', '/92/pdf/CodeQr92-479.pdf', '2022-06-14 02:56:50'),
(480, 92, 10, 10, '/92/CodeQr92-480.png', '/92/pdf/CodeQr92-480.pdf', '2022-06-14 02:56:50'),
(481, 93, 1, 0, '/93/CodeQr93-481.png', '/93/pdf/CodeQr93-481.pdf', '2022-06-16 16:01:32'),
(482, 93, 2, 0, '/93/CodeQr93-482.png', '/93/pdf/CodeQr93-482.pdf', '2022-06-16 16:01:32'),
(483, 93, 3, 0, '/93/CodeQr93-483.png', '/93/pdf/CodeQr93-483.pdf', '2022-06-16 16:01:32'),
(484, 93, 4, 0, '/93/CodeQr93-484.png', '/93/pdf/CodeQr93-484.pdf', '2022-06-16 16:01:32'),
(485, 93, 5, 0, '/93/CodeQr93-485.png', '/93/pdf/CodeQr93-485.pdf', '2022-06-16 16:01:32'),
(486, 93, 6, 0, '/93/CodeQr93-486.png', '/93/pdf/CodeQr93-486.pdf', '2022-06-16 16:01:32'),
(487, 93, 7, 0, '/93/CodeQr93-487.png', '/93/pdf/CodeQr93-487.pdf', '2022-06-16 16:01:32'),
(488, 93, 8, 0, '/93/CodeQr93-488.png', '/93/pdf/CodeQr93-488.pdf', '2022-06-16 16:01:32'),
(489, 93, 9, 0, '/93/CodeQr93-489.png', '/93/pdf/CodeQr93-489.pdf', '2022-06-16 16:01:32'),
(490, 93, 10, 0, '/93/CodeQr93-490.png', '/93/pdf/CodeQr93-490.pdf', '2022-06-16 16:01:32'),
(491, 94, 1, 12, '/94/CodeQr94-491.png', '/94/pdf/CodeQr94-491.pdf', '2022-06-22 01:51:09'),
(492, 94, 2, 0, '/94/CodeQr94-492.png', '/94/pdf/CodeQr94-492.pdf', '2022-06-22 01:51:09'),
(493, 94, 3, 0, '/94/CodeQr94-493.png', '/94/pdf/CodeQr94-493.pdf', '2022-06-22 01:51:09'),
(494, 94, 4, 0, '/94/CodeQr94-494.png', '/94/pdf/CodeQr94-494.pdf', '2022-06-22 01:51:09'),
(495, 94, 5, 0, '/94/CodeQr94-495.png', '/94/pdf/CodeQr94-495.pdf', '2022-06-22 01:51:09'),
(496, 94, 6, 0, '/94/CodeQr94-496.png', '/94/pdf/CodeQr94-496.pdf', '2022-06-22 01:51:09'),
(497, 94, 7, 0, '/94/CodeQr94-497.png', '/94/pdf/CodeQr94-497.pdf', '2022-06-22 01:51:09'),
(498, 94, 8, 0, '/94/CodeQr94-498.png', '/94/pdf/CodeQr94-498.pdf', '2022-06-22 01:51:09'),
(499, 94, 9, 0, '/94/CodeQr94-499.png', '/94/pdf/CodeQr94-499.pdf', '2022-06-22 01:51:09'),
(500, 94, 10, 0, '/94/CodeQr94-500.png', '/94/pdf/CodeQr94-500.pdf', '2022-06-22 01:51:09'),
(501, 95, 1, 1, '/95/CodeQr95-501.png', '/95/pdf/CodeQr95-501.pdf', '2022-06-24 11:55:57'),
(502, 95, 2, 0, '/95/CodeQr95-502.png', '/95/pdf/CodeQr95-502.pdf', '2022-06-24 11:55:57'),
(503, 95, 3, 0, '/95/CodeQr95-503.png', '/95/pdf/CodeQr95-503.pdf', '2022-06-24 11:55:57'),
(504, 95, 4, 0, '/95/CodeQr95-504.png', '/95/pdf/CodeQr95-504.pdf', '2022-06-24 11:55:57'),
(505, 95, 5, 0, '/95/CodeQr95-505.png', '/95/pdf/CodeQr95-505.pdf', '2022-06-24 11:55:57'),
(506, 95, 6, 0, '/95/CodeQr95-506.png', '/95/pdf/CodeQr95-506.pdf', '2022-06-24 11:55:57'),
(507, 95, 7, 0, '/95/CodeQr95-507.png', '/95/pdf/CodeQr95-507.pdf', '2022-06-24 11:55:57'),
(508, 95, 8, 0, '/95/CodeQr95-508.png', '/95/pdf/CodeQr95-508.pdf', '2022-06-24 11:55:57'),
(509, 95, 9, 0, '/95/CodeQr95-509.png', '/95/pdf/CodeQr95-509.pdf', '2022-06-24 11:55:57'),
(510, 95, 10, 0, '/95/CodeQr95-510.png', '/95/pdf/CodeQr95-510.pdf', '2022-06-24 11:55:57'),
(511, 106, 1, 0, '/106/CodeQr106-511.png', '/106/pdf/CodeQr106-511.pdf', '2022-06-25 05:59:28'),
(512, 106, 2, 0, '/106/CodeQr106-512.png', '/106/pdf/CodeQr106-512.pdf', '2022-06-25 05:59:28'),
(513, 106, 3, 0, '/106/CodeQr106-513.png', '/106/pdf/CodeQr106-513.pdf', '2022-06-25 05:59:28'),
(514, 106, 4, 0, '/106/CodeQr106-514.png', '/106/pdf/CodeQr106-514.pdf', '2022-06-25 05:59:28'),
(515, 106, 5, 0, '/106/CodeQr106-515.png', '/106/pdf/CodeQr106-515.pdf', '2022-06-25 05:59:28'),
(516, 106, 6, 0, '/106/CodeQr106-516.png', '/106/pdf/CodeQr106-516.pdf', '2022-06-25 05:59:28'),
(517, 106, 7, 0, '/106/CodeQr106-517.png', '/106/pdf/CodeQr106-517.pdf', '2022-06-25 05:59:28'),
(518, 106, 8, 0, '/106/CodeQr106-518.png', '/106/pdf/CodeQr106-518.pdf', '2022-06-25 05:59:28'),
(519, 106, 9, 0, '/106/CodeQr106-519.png', '/106/pdf/CodeQr106-519.pdf', '2022-06-25 05:59:28'),
(520, 106, 10, 0, '/106/CodeQr106-520.png', '/106/pdf/CodeQr106-520.pdf', '2022-06-25 05:59:28'),
(521, 106, 11, 0, '/106/CodeQr106-521.png', '/106/pdf/CodeQr106-521.pdf', '2022-06-25 06:03:55'),
(522, 106, 12, 0, '/106/CodeQr106-522.png', '/106/pdf/CodeQr106-522.pdf', '2022-06-25 06:03:55'),
(523, 106, 13, 0, '/106/CodeQr106-523.png', '/106/pdf/CodeQr106-523.pdf', '2022-06-25 06:03:55'),
(524, 106, 14, 0, '/106/CodeQr106-524.png', '/106/pdf/CodeQr106-524.pdf', '2022-06-25 06:03:56'),
(525, 106, 15, 0, '/106/CodeQr106-525.png', '/106/pdf/CodeQr106-525.pdf', '2022-06-25 06:03:56'),
(526, 106, 16, 0, '/106/CodeQr106-526.png', '/106/pdf/CodeQr106-526.pdf', '2022-06-25 06:03:56'),
(527, 106, 17, 0, '/106/CodeQr106-527.png', '/106/pdf/CodeQr106-527.pdf', '2022-06-25 06:03:56'),
(528, 106, 18, 0, '/106/CodeQr106-528.png', '/106/pdf/CodeQr106-528.pdf', '2022-06-25 06:03:56'),
(529, 106, 19, 0, '/106/CodeQr106-529.png', '/106/pdf/CodeQr106-529.pdf', '2022-06-25 06:03:56'),
(530, 106, 20, 0, '/106/CodeQr106-530.png', '/106/pdf/CodeQr106-530.pdf', '2022-06-25 06:03:56'),
(531, 108, 1, 0, '/108/CodeQr108-531.png', '/108/pdf/CodeQr108-531.pdf', '2022-06-25 06:06:16'),
(532, 108, 2, 0, '/108/CodeQr108-532.png', '/108/pdf/CodeQr108-532.pdf', '2022-06-25 06:06:17'),
(533, 108, 3, 0, '/108/CodeQr108-533.png', '/108/pdf/CodeQr108-533.pdf', '2022-06-25 06:06:17'),
(534, 108, 4, 0, '/108/CodeQr108-534.png', '/108/pdf/CodeQr108-534.pdf', '2022-06-25 06:06:17'),
(535, 108, 5, 0, '/108/CodeQr108-535.png', '/108/pdf/CodeQr108-535.pdf', '2022-06-25 06:06:17'),
(536, 108, 6, 0, '/108/CodeQr108-536.png', '/108/pdf/CodeQr108-536.pdf', '2022-06-25 06:06:17'),
(537, 108, 7, 0, '/108/CodeQr108-537.png', '/108/pdf/CodeQr108-537.pdf', '2022-06-25 06:06:17'),
(538, 108, 8, 0, '/108/CodeQr108-538.png', '/108/pdf/CodeQr108-538.pdf', '2022-06-25 06:06:17'),
(539, 108, 9, 0, '/108/CodeQr108-539.png', '/108/pdf/CodeQr108-539.pdf', '2022-06-25 06:06:17'),
(540, 108, 10, 0, '/108/CodeQr108-540.png', '/108/pdf/CodeQr108-540.pdf', '2022-06-25 06:06:17'),
(541, 109, 1, 0, '/109/CodeQr109-541.png', '/109/pdf/CodeQr109-541.pdf', '2022-06-25 06:08:57'),
(542, 109, 2, 0, '/109/CodeQr109-542.png', '/109/pdf/CodeQr109-542.pdf', '2022-06-25 06:08:58'),
(543, 109, 3, 0, '/109/CodeQr109-543.png', '/109/pdf/CodeQr109-543.pdf', '2022-06-25 06:08:58'),
(544, 109, 4, 0, '/109/CodeQr109-544.png', '/109/pdf/CodeQr109-544.pdf', '2022-06-25 06:08:58'),
(545, 109, 5, 0, '/109/CodeQr109-545.png', '/109/pdf/CodeQr109-545.pdf', '2022-06-25 06:08:58'),
(546, 109, 6, 0, '/109/CodeQr109-546.png', '/109/pdf/CodeQr109-546.pdf', '2022-06-25 06:08:58'),
(547, 109, 7, 0, '/109/CodeQr109-547.png', '/109/pdf/CodeQr109-547.pdf', '2022-06-25 06:08:58'),
(548, 109, 8, 0, '/109/CodeQr109-548.png', '/109/pdf/CodeQr109-548.pdf', '2022-06-25 06:08:58'),
(549, 109, 9, 0, '/109/CodeQr109-549.png', '/109/pdf/CodeQr109-549.pdf', '2022-06-25 06:08:58'),
(550, 109, 10, 0, '/109/CodeQr109-550.png', '/109/pdf/CodeQr109-550.pdf', '2022-06-25 06:08:58'),
(551, 110, 1, 0, '/110/CodeQr110-551.png', '/110/pdf/CodeQr110-551.pdf', '2022-06-25 06:12:04'),
(552, 110, 2, 0, '/110/CodeQr110-552.png', '/110/pdf/CodeQr110-552.pdf', '2022-06-25 06:12:04'),
(553, 110, 3, 0, '/110/CodeQr110-553.png', '/110/pdf/CodeQr110-553.pdf', '2022-06-25 06:12:04'),
(554, 110, 4, 0, '/110/CodeQr110-554.png', '/110/pdf/CodeQr110-554.pdf', '2022-06-25 06:12:04'),
(555, 110, 5, 0, '/110/CodeQr110-555.png', '/110/pdf/CodeQr110-555.pdf', '2022-06-25 06:12:04'),
(556, 110, 6, 0, '/110/CodeQr110-556.png', '/110/pdf/CodeQr110-556.pdf', '2022-06-25 06:12:04'),
(557, 110, 7, 0, '/110/CodeQr110-557.png', '/110/pdf/CodeQr110-557.pdf', '2022-06-25 06:12:04'),
(558, 110, 8, 0, '/110/CodeQr110-558.png', '/110/pdf/CodeQr110-558.pdf', '2022-06-25 06:12:04'),
(559, 110, 9, 0, '/110/CodeQr110-559.png', '/110/pdf/CodeQr110-559.pdf', '2022-06-25 06:12:04'),
(560, 110, 10, 0, '/110/CodeQr110-560.png', '/110/pdf/CodeQr110-560.pdf', '2022-06-25 06:12:04'),
(561, 110, 11, 0, '/110/CodeQr110-561.png', '/110/pdf/CodeQr110-561.pdf', '2022-06-28 21:00:59'),
(562, 110, 12, 0, '/110/CodeQr110-562.png', '/110/pdf/CodeQr110-562.pdf', '2022-06-28 21:00:59'),
(563, 110, 13, 0, '/110/CodeQr110-563.png', '/110/pdf/CodeQr110-563.pdf', '2022-06-28 21:00:59'),
(564, 110, 14, 0, '/110/CodeQr110-564.png', '/110/pdf/CodeQr110-564.pdf', '2022-06-28 21:00:59'),
(565, 110, 15, 0, '/110/CodeQr110-565.png', '/110/pdf/CodeQr110-565.pdf', '2022-06-28 21:00:59'),
(566, 110, 16, 0, '/110/CodeQr110-566.png', '/110/pdf/CodeQr110-566.pdf', '2022-06-28 21:00:59'),
(567, 110, 17, 0, '/110/CodeQr110-567.png', '/110/pdf/CodeQr110-567.pdf', '2022-06-28 21:00:59'),
(568, 110, 18, 0, '/110/CodeQr110-568.png', '/110/pdf/CodeQr110-568.pdf', '2022-06-28 21:00:59'),
(569, 110, 19, 0, '/110/CodeQr110-569.png', '/110/pdf/CodeQr110-569.pdf', '2022-06-28 21:00:59'),
(570, 110, 20, 0, '/110/CodeQr110-570.png', '/110/pdf/CodeQr110-570.pdf', '2022-06-28 21:00:59'),
(571, 112, 1, 0, '/112/CodeQr112-571.png', '/112/pdf/CodeQr112-571.pdf', '2022-06-28 21:05:18'),
(572, 112, 2, 0, '/112/CodeQr112-572.png', '/112/pdf/CodeQr112-572.pdf', '2022-06-28 21:05:18'),
(573, 112, 3, 0, '/112/CodeQr112-573.png', '/112/pdf/CodeQr112-573.pdf', '2022-06-28 21:05:18'),
(574, 112, 4, 0, '/112/CodeQr112-574.png', '/112/pdf/CodeQr112-574.pdf', '2022-06-28 21:05:19'),
(575, 112, 5, 0, '/112/CodeQr112-575.png', '/112/pdf/CodeQr112-575.pdf', '2022-06-28 21:05:19'),
(576, 112, 6, 0, '/112/CodeQr112-576.png', '/112/pdf/CodeQr112-576.pdf', '2022-06-28 21:05:19'),
(577, 112, 7, 0, '/112/CodeQr112-577.png', '/112/pdf/CodeQr112-577.pdf', '2022-06-28 21:05:19'),
(578, 112, 8, 0, '/112/CodeQr112-578.png', '/112/pdf/CodeQr112-578.pdf', '2022-06-28 21:05:19'),
(579, 112, 9, 0, '/112/CodeQr112-579.png', '/112/pdf/CodeQr112-579.pdf', '2022-06-28 21:05:19'),
(580, 112, 10, 0, '/112/CodeQr112-580.png', '/112/pdf/CodeQr112-580.pdf', '2022-06-28 21:05:19'),
(581, 113, 1, 0, '/113/CodeQr113-581.png', '/113/pdf/CodeQr113-581.pdf', '2022-06-28 21:12:19'),
(582, 113, 2, 0, '/113/CodeQr113-582.png', '/113/pdf/CodeQr113-582.pdf', '2022-06-28 21:12:19'),
(583, 113, 3, 0, '/113/CodeQr113-583.png', '/113/pdf/CodeQr113-583.pdf', '2022-06-28 21:12:20'),
(584, 113, 4, 0, '/113/CodeQr113-584.png', '/113/pdf/CodeQr113-584.pdf', '2022-06-28 21:12:20'),
(585, 113, 5, 0, '/113/CodeQr113-585.png', '/113/pdf/CodeQr113-585.pdf', '2022-06-28 21:12:20'),
(586, 113, 6, 0, '/113/CodeQr113-586.png', '/113/pdf/CodeQr113-586.pdf', '2022-06-28 21:12:20'),
(587, 113, 7, 0, '/113/CodeQr113-587.png', '/113/pdf/CodeQr113-587.pdf', '2022-06-28 21:12:20'),
(588, 113, 8, 0, '/113/CodeQr113-588.png', '/113/pdf/CodeQr113-588.pdf', '2022-06-28 21:12:20'),
(589, 113, 9, 0, '/113/CodeQr113-589.png', '/113/pdf/CodeQr113-589.pdf', '2022-06-28 21:12:20'),
(590, 113, 10, 0, '/113/CodeQr113-590.png', '/113/pdf/CodeQr113-590.pdf', '2022-06-28 21:12:20'),
(591, 114, 1, 12, '/114/CodeQr114-591.png', '/114/pdf/CodeQr114-591.pdf', '2022-06-29 01:46:57'),
(592, 114, 2, 56, '/114/CodeQr114-592.png', '/114/pdf/CodeQr114-592.pdf', '2022-06-29 01:46:57'),
(593, 114, 3, 0, '/114/CodeQr114-593.png', '/114/pdf/CodeQr114-593.pdf', '2022-06-29 01:46:57'),
(594, 114, 4, 0, '/114/CodeQr114-594.png', '/114/pdf/CodeQr114-594.pdf', '2022-06-29 01:46:57'),
(595, 114, 5, 0, '/114/CodeQr114-595.png', '/114/pdf/CodeQr114-595.pdf', '2022-06-29 01:46:57'),
(596, 114, 6, 0, '/114/CodeQr114-596.png', '/114/pdf/CodeQr114-596.pdf', '2022-06-29 01:46:57'),
(597, 114, 7, 0, '/114/CodeQr114-597.png', '/114/pdf/CodeQr114-597.pdf', '2022-06-29 01:46:57'),
(598, 114, 8, 0, '/114/CodeQr114-598.png', '/114/pdf/CodeQr114-598.pdf', '2022-06-29 01:46:57'),
(599, 114, 9, 0, '/114/CodeQr114-599.png', '/114/pdf/CodeQr114-599.pdf', '2022-06-29 01:46:57'),
(600, 114, 10, 0, '/114/CodeQr114-600.png', '/114/pdf/CodeQr114-600.pdf', '2022-06-29 01:46:57'),
(601, 115, 1, 10, '/115/CodeQr115-601.png', '/115/pdf/CodeQr115-601.pdf', '2022-06-29 14:50:24'),
(602, 115, 2, 1, '/115/CodeQr115-602.png', '/115/pdf/CodeQr115-602.pdf', '2022-06-29 14:50:24'),
(603, 115, 3, 11, '/115/CodeQr115-603.png', '/115/pdf/CodeQr115-603.pdf', '2022-06-29 14:50:24'),
(604, 115, 4, 12, '/115/CodeQr115-604.png', '/115/pdf/CodeQr115-604.pdf', '2022-06-29 14:50:24'),
(605, 115, 5, 13, '/115/CodeQr115-605.png', '/115/pdf/CodeQr115-605.pdf', '2022-06-29 14:50:24'),
(606, 115, 6, 14, '/115/CodeQr115-606.png', '/115/pdf/CodeQr115-606.pdf', '2022-06-29 14:50:24'),
(607, 115, 7, 5, '/115/CodeQr115-607.png', '/115/pdf/CodeQr115-607.pdf', '2022-06-29 14:50:24'),
(608, 115, 8, 5, '/115/CodeQr115-608.png', '/115/pdf/CodeQr115-608.pdf', '2022-06-29 14:50:24'),
(609, 115, 9, 6, '/115/CodeQr115-609.png', '/115/pdf/CodeQr115-609.pdf', '2022-06-29 14:50:24'),
(610, 115, 10, 45, '/115/CodeQr115-610.png', '/115/pdf/CodeQr115-610.pdf', '2022-06-29 14:50:24'),
(611, 116, 1, 0, '/116/CodeQr116-611.png', '/116/pdf/CodeQr116-611.pdf', '2022-06-29 20:47:39'),
(612, 116, 2, 0, '/116/CodeQr116-612.png', '/116/pdf/CodeQr116-612.pdf', '2022-06-29 20:47:39'),
(613, 116, 3, 0, '/116/CodeQr116-613.png', '/116/pdf/CodeQr116-613.pdf', '2022-06-29 20:47:39'),
(614, 116, 4, 0, '/116/CodeQr116-614.png', '/116/pdf/CodeQr116-614.pdf', '2022-06-29 20:47:39'),
(615, 116, 5, 0, '/116/CodeQr116-615.png', '/116/pdf/CodeQr116-615.pdf', '2022-06-29 20:47:39'),
(616, 116, 6, 0, '/116/CodeQr116-616.png', '/116/pdf/CodeQr116-616.pdf', '2022-06-29 20:47:39'),
(617, 116, 7, 0, '/116/CodeQr116-617.png', '/116/pdf/CodeQr116-617.pdf', '2022-06-29 20:47:39'),
(618, 116, 8, 0, '/116/CodeQr116-618.png', '/116/pdf/CodeQr116-618.pdf', '2022-06-29 20:47:39'),
(619, 116, 9, 0, '/116/CodeQr116-619.png', '/116/pdf/CodeQr116-619.pdf', '2022-06-29 20:47:39'),
(620, 116, 10, 0, '/116/CodeQr116-620.png', '/116/pdf/CodeQr116-620.pdf', '2022-06-29 20:47:39'),
(621, 117, 1, 1, '/117/CodeQr117-621.png', '/117/pdf/CodeQr117-621.pdf', '2022-06-30 07:10:01'),
(622, 117, 2, 2, '/117/CodeQr117-622.png', '/117/pdf/CodeQr117-622.pdf', '2022-06-30 07:10:01'),
(623, 117, 3, 3, '/117/CodeQr117-623.png', '/117/pdf/CodeQr117-623.pdf', '2022-06-30 07:10:01'),
(624, 117, 4, 45, '/117/CodeQr117-624.png', '/117/pdf/CodeQr117-624.pdf', '2022-06-30 07:10:01'),
(625, 117, 5, 65, '/117/CodeQr117-625.png', '/117/pdf/CodeQr117-625.pdf', '2022-06-30 07:10:01'),
(626, 117, 6, 6, '/117/CodeQr117-626.png', '/117/pdf/CodeQr117-626.pdf', '2022-06-30 07:10:01'),
(627, 117, 7, 0, '/117/CodeQr117-627.png', '/117/pdf/CodeQr117-627.pdf', '2022-06-30 07:10:01'),
(628, 117, 8, 0, '/117/CodeQr117-628.png', '/117/pdf/CodeQr117-628.pdf', '2022-06-30 07:10:01'),
(629, 117, 9, 0, '/117/CodeQr117-629.png', '/117/pdf/CodeQr117-629.pdf', '2022-06-30 07:10:01'),
(630, 117, 10, 0, '/117/CodeQr117-630.png', '/117/pdf/CodeQr117-630.pdf', '2022-06-30 07:10:01'),
(631, 120, 1, 1, '/120/CodeQr120-631.png', '/120/pdf/CodeQr120-631.pdf', '2022-07-06 11:51:07'),
(632, 120, 2, 5, '/120/CodeQr120-632.png', '/120/pdf/CodeQr120-632.pdf', '2022-07-06 11:51:07'),
(633, 120, 3, 10, '/120/CodeQr120-633.png', '/120/pdf/CodeQr120-633.pdf', '2022-07-06 11:51:07'),
(634, 120, 4, 0, '/120/CodeQr120-634.png', '/120/pdf/CodeQr120-634.pdf', '2022-07-06 11:51:08'),
(635, 120, 5, 0, '/120/CodeQr120-635.png', '/120/pdf/CodeQr120-635.pdf', '2022-07-06 11:51:08'),
(636, 120, 6, 0, '/120/CodeQr120-636.png', '/120/pdf/CodeQr120-636.pdf', '2022-07-06 11:51:08'),
(637, 120, 7, 0, '/120/CodeQr120-637.png', '/120/pdf/CodeQr120-637.pdf', '2022-07-06 11:51:08'),
(638, 120, 8, 0, '/120/CodeQr120-638.png', '/120/pdf/CodeQr120-638.pdf', '2022-07-06 11:51:08'),
(639, 120, 9, 0, '/120/CodeQr120-639.png', '/120/pdf/CodeQr120-639.pdf', '2022-07-06 11:51:08'),
(640, 120, 10, 0, '/120/CodeQr120-640.png', '/120/pdf/CodeQr120-640.pdf', '2022-07-06 11:51:08'),
(641, 121, 1, 0, '/121/CodeQr121-641.png', '/121/pdf/CodeQr121-641.pdf', '2022-07-06 15:43:31'),
(642, 121, 2, 0, '/121/CodeQr121-642.png', '/121/pdf/CodeQr121-642.pdf', '2022-07-06 15:43:31'),
(643, 121, 3, 0, '/121/CodeQr121-643.png', '/121/pdf/CodeQr121-643.pdf', '2022-07-06 15:43:31'),
(644, 121, 4, 0, '/121/CodeQr121-644.png', '/121/pdf/CodeQr121-644.pdf', '2022-07-06 15:43:31'),
(645, 121, 5, 0, '/121/CodeQr121-645.png', '/121/pdf/CodeQr121-645.pdf', '2022-07-06 15:43:31'),
(646, 121, 6, 0, '/121/CodeQr121-646.png', '/121/pdf/CodeQr121-646.pdf', '2022-07-06 15:43:31'),
(647, 121, 7, 0, '/121/CodeQr121-647.png', '/121/pdf/CodeQr121-647.pdf', '2022-07-06 15:43:31'),
(648, 121, 8, 0, '/121/CodeQr121-648.png', '/121/pdf/CodeQr121-648.pdf', '2022-07-06 15:43:31'),
(649, 121, 9, 0, '/121/CodeQr121-649.png', '/121/pdf/CodeQr121-649.pdf', '2022-07-06 15:43:31'),
(650, 121, 10, 0, '/121/CodeQr121-650.png', '/121/pdf/CodeQr121-650.pdf', '2022-07-06 15:43:31'),
(651, 122, 1, 12, '/122/CodeQr122-651.png', '/122/pdf/CodeQr122-651.pdf', '2022-07-06 17:39:12'),
(652, 122, 2, 0, '/122/CodeQr122-652.png', '/122/pdf/CodeQr122-652.pdf', '2022-07-06 17:39:12'),
(653, 122, 3, 0, '/122/CodeQr122-653.png', '/122/pdf/CodeQr122-653.pdf', '2022-07-06 17:39:12'),
(654, 122, 4, 0, '/122/CodeQr122-654.png', '/122/pdf/CodeQr122-654.pdf', '2022-07-06 17:39:12'),
(655, 122, 5, 0, '/122/CodeQr122-655.png', '/122/pdf/CodeQr122-655.pdf', '2022-07-06 17:39:13'),
(656, 122, 6, 0, '/122/CodeQr122-656.png', '/122/pdf/CodeQr122-656.pdf', '2022-07-06 17:39:13'),
(657, 122, 7, 0, '/122/CodeQr122-657.png', '/122/pdf/CodeQr122-657.pdf', '2022-07-06 17:39:13'),
(658, 122, 8, 0, '/122/CodeQr122-658.png', '/122/pdf/CodeQr122-658.pdf', '2022-07-06 17:39:13'),
(659, 122, 9, 0, '/122/CodeQr122-659.png', '/122/pdf/CodeQr122-659.pdf', '2022-07-06 17:39:13'),
(660, 122, 10, 0, '/122/CodeQr122-660.png', '/122/pdf/CodeQr122-660.pdf', '2022-07-06 17:39:13'),
(661, 123, 1, 10, '/123/CodeQr123-661.png', '/123/pdf/CodeQr123-661.pdf', '2022-07-10 16:40:03'),
(662, 123, 2, 20, '/123/CodeQr123-662.png', '/123/pdf/CodeQr123-662.pdf', '2022-07-10 16:40:04'),
(663, 123, 3, 0, '/123/CodeQr123-663.png', '/123/pdf/CodeQr123-663.pdf', '2022-07-10 16:40:04'),
(664, 123, 4, 0, '/123/CodeQr123-664.png', '/123/pdf/CodeQr123-664.pdf', '2022-07-10 16:40:04'),
(665, 123, 5, 0, '/123/CodeQr123-665.png', '/123/pdf/CodeQr123-665.pdf', '2022-07-10 16:40:04'),
(666, 123, 6, 0, '/123/CodeQr123-666.png', '/123/pdf/CodeQr123-666.pdf', '2022-07-10 16:40:04'),
(667, 123, 7, 0, '/123/CodeQr123-667.png', '/123/pdf/CodeQr123-667.pdf', '2022-07-10 16:40:04'),
(668, 123, 8, 0, '/123/CodeQr123-668.png', '/123/pdf/CodeQr123-668.pdf', '2022-07-10 16:40:04'),
(669, 123, 9, 0, '/123/CodeQr123-669.png', '/123/pdf/CodeQr123-669.pdf', '2022-07-10 16:40:04'),
(670, 123, 10, 0, '/123/CodeQr123-670.png', '/123/pdf/CodeQr123-670.pdf', '2022-07-10 16:40:04'),
(671, 124, 1, 0, '/124/CodeQr124-671.png', '/124/pdf/CodeQr124-671.pdf', '2022-07-10 18:03:22'),
(672, 124, 2, 0, '/124/CodeQr124-672.png', '/124/pdf/CodeQr124-672.pdf', '2022-07-10 18:03:22'),
(673, 124, 3, 0, '/124/CodeQr124-673.png', '/124/pdf/CodeQr124-673.pdf', '2022-07-10 18:03:22'),
(674, 124, 4, 0, '/124/CodeQr124-674.png', '/124/pdf/CodeQr124-674.pdf', '2022-07-10 18:03:22'),
(675, 124, 5, 0, '/124/CodeQr124-675.png', '/124/pdf/CodeQr124-675.pdf', '2022-07-10 18:03:22'),
(676, 124, 6, 0, '/124/CodeQr124-676.png', '/124/pdf/CodeQr124-676.pdf', '2022-07-10 18:03:22'),
(677, 124, 7, 0, '/124/CodeQr124-677.png', '/124/pdf/CodeQr124-677.pdf', '2022-07-10 18:03:22'),
(678, 124, 8, 0, '/124/CodeQr124-678.png', '/124/pdf/CodeQr124-678.pdf', '2022-07-10 18:03:22'),
(679, 124, 9, 0, '/124/CodeQr124-679.png', '/124/pdf/CodeQr124-679.pdf', '2022-07-10 18:03:22'),
(680, 124, 10, 0, '/124/CodeQr124-680.png', '/124/pdf/CodeQr124-680.pdf', '2022-07-10 18:03:22'),
(681, 125, 1, 0, '/125/CodeQr125-681.png', '/125/pdf/CodeQr125-681.pdf', '2022-07-10 18:21:29'),
(682, 125, 2, 0, '/125/CodeQr125-682.png', '/125/pdf/CodeQr125-682.pdf', '2022-07-10 18:21:29'),
(683, 125, 3, 0, '/125/CodeQr125-683.png', '/125/pdf/CodeQr125-683.pdf', '2022-07-10 18:21:29'),
(684, 125, 4, 0, '/125/CodeQr125-684.png', '/125/pdf/CodeQr125-684.pdf', '2022-07-10 18:21:29'),
(685, 125, 5, 0, '/125/CodeQr125-685.png', '/125/pdf/CodeQr125-685.pdf', '2022-07-10 18:21:29'),
(686, 125, 6, 0, '/125/CodeQr125-686.png', '/125/pdf/CodeQr125-686.pdf', '2022-07-10 18:21:29'),
(687, 125, 7, 0, '/125/CodeQr125-687.png', '/125/pdf/CodeQr125-687.pdf', '2022-07-10 18:21:29'),
(688, 125, 8, 0, '/125/CodeQr125-688.png', '/125/pdf/CodeQr125-688.pdf', '2022-07-10 18:21:29'),
(689, 125, 9, 0, '/125/CodeQr125-689.png', '/125/pdf/CodeQr125-689.pdf', '2022-07-10 18:21:29'),
(690, 125, 10, 0, '/125/CodeQr125-690.png', '/125/pdf/CodeQr125-690.pdf', '2022-07-10 18:21:29'),
(691, 126, 1, 10, '/126/CodeQr126-691.png', '/126/pdf/CodeQr126-691.pdf', '2022-07-10 18:26:22'),
(692, 126, 2, 5, '/126/CodeQr126-692.png', '/126/pdf/CodeQr126-692.pdf', '2022-07-10 18:26:22'),
(693, 126, 3, 0, '/126/CodeQr126-693.png', '/126/pdf/CodeQr126-693.pdf', '2022-07-10 18:26:22'),
(694, 126, 4, 0, '/126/CodeQr126-694.png', '/126/pdf/CodeQr126-694.pdf', '2022-07-10 18:26:22'),
(695, 126, 5, 0, '/126/CodeQr126-695.png', '/126/pdf/CodeQr126-695.pdf', '2022-07-10 18:26:22'),
(696, 126, 6, 0, '/126/CodeQr126-696.png', '/126/pdf/CodeQr126-696.pdf', '2022-07-10 18:26:22'),
(697, 126, 7, 0, '/126/CodeQr126-697.png', '/126/pdf/CodeQr126-697.pdf', '2022-07-10 18:26:22'),
(698, 126, 8, 0, '/126/CodeQr126-698.png', '/126/pdf/CodeQr126-698.pdf', '2022-07-10 18:26:22'),
(699, 126, 9, 0, '/126/CodeQr126-699.png', '/126/pdf/CodeQr126-699.pdf', '2022-07-10 18:26:22'),
(700, 126, 10, 0, '/126/CodeQr126-700.png', '/126/pdf/CodeQr126-700.pdf', '2022-07-10 18:26:22'),
(701, 127, 1, 10, '/127/CodeQr127-701.png', '/127/pdf/CodeQr127-701.pdf', '2022-07-10 18:43:48'),
(702, 127, 2, 5, '/127/CodeQr127-702.png', '/127/pdf/CodeQr127-702.pdf', '2022-07-10 18:43:48'),
(703, 127, 3, 0, '/127/CodeQr127-703.png', '/127/pdf/CodeQr127-703.pdf', '2022-07-10 18:43:48'),
(704, 127, 4, 0, '/127/CodeQr127-704.png', '/127/pdf/CodeQr127-704.pdf', '2022-07-10 18:43:48'),
(705, 127, 5, 0, '/127/CodeQr127-705.png', '/127/pdf/CodeQr127-705.pdf', '2022-07-10 18:43:48'),
(706, 127, 6, 0, '/127/CodeQr127-706.png', '/127/pdf/CodeQr127-706.pdf', '2022-07-10 18:43:48'),
(707, 127, 7, 0, '/127/CodeQr127-707.png', '/127/pdf/CodeQr127-707.pdf', '2022-07-10 18:43:48'),
(708, 127, 8, 0, '/127/CodeQr127-708.png', '/127/pdf/CodeQr127-708.pdf', '2022-07-10 18:43:48'),
(709, 127, 9, 0, '/127/CodeQr127-709.png', '/127/pdf/CodeQr127-709.pdf', '2022-07-10 18:43:48'),
(710, 127, 10, 0, '/127/CodeQr127-710.png', '/127/pdf/CodeQr127-710.pdf', '2022-07-10 18:43:48'),
(711, 128, 1, 10, '/128/CodeQr128-711.png', '/128/pdf/CodeQr128-711.pdf', '2022-07-10 19:11:14'),
(712, 128, 2, 5, '/128/CodeQr128-712.png', '/128/pdf/CodeQr128-712.pdf', '2022-07-10 19:11:14'),
(713, 128, 3, 0, '/128/CodeQr128-713.png', '/128/pdf/CodeQr128-713.pdf', '2022-07-10 19:11:14'),
(714, 128, 4, 0, '/128/CodeQr128-714.png', '/128/pdf/CodeQr128-714.pdf', '2022-07-10 19:11:14'),
(715, 128, 5, 0, '/128/CodeQr128-715.png', '/128/pdf/CodeQr128-715.pdf', '2022-07-10 19:11:14'),
(716, 128, 6, 0, '/128/CodeQr128-716.png', '/128/pdf/CodeQr128-716.pdf', '2022-07-10 19:11:14'),
(717, 128, 7, 0, '/128/CodeQr128-717.png', '/128/pdf/CodeQr128-717.pdf', '2022-07-10 19:11:14'),
(718, 128, 8, 0, '/128/CodeQr128-718.png', '/128/pdf/CodeQr128-718.pdf', '2022-07-10 19:11:14'),
(719, 128, 9, 0, '/128/CodeQr128-719.png', '/128/pdf/CodeQr128-719.pdf', '2022-07-10 19:11:14'),
(720, 128, 10, 0, '/128/CodeQr128-720.png', '/128/pdf/CodeQr128-720.pdf', '2022-07-10 19:11:15'),
(721, 129, 1, 201, '/129/CodeQr129-721.png', '/129/pdf/CodeQr129-721.pdf', '2022-07-10 23:05:40'),
(722, 129, 2, 402, '/129/CodeQr129-722.png', '/129/pdf/CodeQr129-722.pdf', '2022-07-10 23:05:40'),
(723, 129, 3, 52, '/129/CodeQr129-723.png', '/129/pdf/CodeQr129-723.pdf', '2022-07-10 23:05:40'),
(724, 129, 4, 0, '/129/CodeQr129-724.png', '/129/pdf/CodeQr129-724.pdf', '2022-07-10 23:05:40'),
(725, 129, 5, 0, '/129/CodeQr129-725.png', '/129/pdf/CodeQr129-725.pdf', '2022-07-10 23:05:40'),
(726, 129, 6, 0, '/129/CodeQr129-726.png', '/129/pdf/CodeQr129-726.pdf', '2022-07-10 23:05:40'),
(727, 129, 7, 0, '/129/CodeQr129-727.png', '/129/pdf/CodeQr129-727.pdf', '2022-07-10 23:05:40'),
(728, 129, 8, 0, '/129/CodeQr129-728.png', '/129/pdf/CodeQr129-728.pdf', '2022-07-10 23:05:40'),
(729, 129, 9, 0, '/129/CodeQr129-729.png', '/129/pdf/CodeQr129-729.pdf', '2022-07-10 23:05:40'),
(730, 129, 10, 0, '/129/CodeQr129-730.png', '/129/pdf/CodeQr129-730.pdf', '2022-07-10 23:05:40'),
(731, 130, 1, 201, '/130/CodeQr130-731.png', '/130/pdf/CodeQr130-731.pdf', '2022-07-11 00:02:53'),
(732, 130, 2, 0, '/130/CodeQr130-732.png', '/130/pdf/CodeQr130-732.pdf', '2022-07-11 00:02:53'),
(733, 130, 3, 0, '/130/CodeQr130-733.png', '/130/pdf/CodeQr130-733.pdf', '2022-07-11 00:02:53'),
(734, 130, 4, 0, '/130/CodeQr130-734.png', '/130/pdf/CodeQr130-734.pdf', '2022-07-11 00:02:53'),
(735, 130, 5, 0, '/130/CodeQr130-735.png', '/130/pdf/CodeQr130-735.pdf', '2022-07-11 00:02:53'),
(736, 130, 6, 0, '/130/CodeQr130-736.png', '/130/pdf/CodeQr130-736.pdf', '2022-07-11 00:02:53'),
(737, 130, 7, 0, '/130/CodeQr130-737.png', '/130/pdf/CodeQr130-737.pdf', '2022-07-11 00:02:53'),
(738, 130, 8, 0, '/130/CodeQr130-738.png', '/130/pdf/CodeQr130-738.pdf', '2022-07-11 00:02:53'),
(739, 130, 9, 0, '/130/CodeQr130-739.png', '/130/pdf/CodeQr130-739.pdf', '2022-07-11 00:02:54'),
(740, 130, 10, 0, '/130/CodeQr130-740.png', '/130/pdf/CodeQr130-740.pdf', '2022-07-11 00:02:54'),
(741, 131, 1, 201, '/131/CodeQr131-741.png', '/131/pdf/CodeQr131-741.pdf', '2022-07-11 15:44:21'),
(742, 131, 2, 0, '/131/CodeQr131-742.png', '/131/pdf/CodeQr131-742.pdf', '2022-07-11 15:44:21'),
(743, 131, 3, 0, '/131/CodeQr131-743.png', '/131/pdf/CodeQr131-743.pdf', '2022-07-11 15:44:21'),
(744, 131, 4, 0, '/131/CodeQr131-744.png', '/131/pdf/CodeQr131-744.pdf', '2022-07-11 15:44:21'),
(745, 131, 5, 0, '/131/CodeQr131-745.png', '/131/pdf/CodeQr131-745.pdf', '2022-07-11 15:44:21'),
(746, 131, 6, 0, '/131/CodeQr131-746.png', '/131/pdf/CodeQr131-746.pdf', '2022-07-11 15:44:21'),
(747, 131, 7, 0, '/131/CodeQr131-747.png', '/131/pdf/CodeQr131-747.pdf', '2022-07-11 15:44:21'),
(748, 131, 8, 0, '/131/CodeQr131-748.png', '/131/pdf/CodeQr131-748.pdf', '2022-07-11 15:44:21'),
(749, 131, 9, 0, '/131/CodeQr131-749.png', '/131/pdf/CodeQr131-749.pdf', '2022-07-11 15:44:21'),
(750, 131, 10, 0, '/131/CodeQr131-750.png', '/131/pdf/CodeQr131-750.pdf', '2022-07-11 15:44:21'),
(751, 132, 1, 305, '/132/CodeQr132-751.png', '/132/pdf/CodeQr132-751.pdf', '2022-07-11 18:32:59'),
(752, 132, 2, 0, '/132/CodeQr132-752.png', '/132/pdf/CodeQr132-752.pdf', '2022-07-11 18:32:59'),
(753, 132, 3, 0, '/132/CodeQr132-753.png', '/132/pdf/CodeQr132-753.pdf', '2022-07-11 18:32:59'),
(754, 132, 4, 0, '/132/CodeQr132-754.png', '/132/pdf/CodeQr132-754.pdf', '2022-07-11 18:32:59'),
(755, 132, 5, 0, '/132/CodeQr132-755.png', '/132/pdf/CodeQr132-755.pdf', '2022-07-11 18:32:59'),
(756, 132, 6, 0, '/132/CodeQr132-756.png', '/132/pdf/CodeQr132-756.pdf', '2022-07-11 18:32:59'),
(757, 132, 7, 0, '/132/CodeQr132-757.png', '/132/pdf/CodeQr132-757.pdf', '2022-07-11 18:32:59'),
(758, 132, 8, 0, '/132/CodeQr132-758.png', '/132/pdf/CodeQr132-758.pdf', '2022-07-11 18:32:59'),
(759, 132, 9, 0, '/132/CodeQr132-759.png', '/132/pdf/CodeQr132-759.pdf', '2022-07-11 18:32:59'),
(760, 132, 10, 0, '/132/CodeQr132-760.png', '/132/pdf/CodeQr132-760.pdf', '2022-07-11 18:32:59'),
(761, 133, 1, 301, '/133/CodeQr133-761.png', '/133/pdf/CodeQr133-761.pdf', '2022-07-11 18:42:51'),
(762, 133, 2, 300, '/133/CodeQr133-762.png', '/133/pdf/CodeQr133-762.pdf', '2022-07-11 18:42:51'),
(763, 133, 3, 0, '/133/CodeQr133-763.png', '/133/pdf/CodeQr133-763.pdf', '2022-07-11 18:42:51'),
(764, 133, 4, 0, '/133/CodeQr133-764.png', '/133/pdf/CodeQr133-764.pdf', '2022-07-11 18:42:51'),
(765, 133, 5, 0, '/133/CodeQr133-765.png', '/133/pdf/CodeQr133-765.pdf', '2022-07-11 18:42:51'),
(766, 133, 6, 0, '/133/CodeQr133-766.png', '/133/pdf/CodeQr133-766.pdf', '2022-07-11 18:42:51'),
(767, 133, 7, 0, '/133/CodeQr133-767.png', '/133/pdf/CodeQr133-767.pdf', '2022-07-11 18:42:52'),
(768, 133, 8, 0, '/133/CodeQr133-768.png', '/133/pdf/CodeQr133-768.pdf', '2022-07-11 18:42:52'),
(769, 133, 9, 0, '/133/CodeQr133-769.png', '/133/pdf/CodeQr133-769.pdf', '2022-07-11 18:42:52'),
(770, 133, 10, 0, '/133/CodeQr133-770.png', '/133/pdf/CodeQr133-770.pdf', '2022-07-11 18:42:52'),
(771, 134, 1, 201, '/134/CodeQr134-771.png', '/134/pdf/CodeQr134-771.pdf', '2022-07-11 19:02:25'),
(772, 134, 2, 0, '/134/CodeQr134-772.png', '/134/pdf/CodeQr134-772.pdf', '2022-07-11 19:02:25'),
(773, 134, 3, 0, '/134/CodeQr134-773.png', '/134/pdf/CodeQr134-773.pdf', '2022-07-11 19:02:25'),
(774, 134, 4, 0, '/134/CodeQr134-774.png', '/134/pdf/CodeQr134-774.pdf', '2022-07-11 19:02:25'),
(775, 134, 5, 0, '/134/CodeQr134-775.png', '/134/pdf/CodeQr134-775.pdf', '2022-07-11 19:02:25'),
(776, 134, 6, 0, '/134/CodeQr134-776.png', '/134/pdf/CodeQr134-776.pdf', '2022-07-11 19:02:25'),
(777, 134, 7, 0, '/134/CodeQr134-777.png', '/134/pdf/CodeQr134-777.pdf', '2022-07-11 19:02:25'),
(778, 134, 8, 0, '/134/CodeQr134-778.png', '/134/pdf/CodeQr134-778.pdf', '2022-07-11 19:02:25'),
(779, 134, 9, 0, '/134/CodeQr134-779.png', '/134/pdf/CodeQr134-779.pdf', '2022-07-11 19:02:25');
INSERT INTO `habitaciones` (`idhabitaciones`, `idHotel`, `foliohabitaciones`, `numhabitacionhuesped`, `qrhabitaciones`, `qrPdf`, `fechahabitaciones`) VALUES
(780, 134, 10, 0, '/134/CodeQr134-780.png', '/134/pdf/CodeQr134-780.pdf', '2022-07-11 19:02:26');

--
-- Disparadores `habitaciones`
--
DELIMITER $$
CREATE TRIGGER `folioHabitaciones` BEFORE INSERT ON `habitaciones` FOR EACH ROW set NEW.foliohabitaciones=IF((SELECT COUNT(foliohabitaciones) FROM habitaciones WHERE idHotel=NEW.idHotel)=0,1, (SELECT max(foliohabitaciones)+1 FROM habitaciones WHERE idHotel=NEW.idHotel))
$$
DELIMITER ;

-- --------------------------------------------------------

--
-- Estructura de tabla para la tabla `hotel`
--

CREATE TABLE `hotel` (
  `idHotel` int(11) NOT NULL,
  `nombreHotel` text NOT NULL,
  `logoHotel` text NOT NULL,
  `fechahoraHotel` datetime NOT NULL DEFAULT current_timestamp(),
  `emailHotel` text NOT NULL,
  `passwordHotel` varchar(100) NOT NULL,
  `codigoQrHotel` text NOT NULL,
  `token` text NOT NULL,
  `intentos_fallidos` int(11) DEFAULT NULL,
  `zonaHotel` text NOT NULL,
  `pkHotel` int(11) DEFAULT 0
) ENGINE=InnoDB DEFAULT CHARSET=utf8mb4;

--
-- Volcado de datos para la tabla `hotel`
--

INSERT INTO `hotel` (`idHotel`, `nombreHotel`, `logoHotel`, `fechahoraHotel`, `emailHotel`, `passwordHotel`, `codigoQrHotel`, `token`, `intentos_fallidos`, `zonaHotel`, `pkHotel`) VALUES
(1, 'RECEPCIÓN DEL HOTEL', '', '2022-05-11 20:13:04', '', '', '', '', 2, '', 0),
(2, 'HOTEL QUERETARO', 'Logo7247.jpg', '2022-05-11 21:33:31', 'hotelqueretaro@gmail.com', '$2a$07$asxx54ahjppf45sd87a5aumUskocpQucMnvwsUt.aC6WLWGcLNcY6', 'CodeQr6118.png', '2dc49448dad6f0357708a1cc3e5bf71d', 0, 'ACAPULCO', 2),
(68, 'HOTEL HOLIDAY INN', 'Logo5694.jpg', '2022-05-23 18:30:53', 'holidayinn@gmail.com', '$2a$07$asxx54ahjppf45sd87a5aumUskocpQucMnvwsUt.aC6WLWGcLNcY6', 'CodeQr6853.png', '00c3fa221de882c3cc097418649d5fd1', 0, 'ACAPULCO', 0),
(69, 'HOTEL AZUCENA', 'Logo8362.jpg', '2022-05-24 20:31:12', 'correodeprueba@gmail.com', '$2a$07$asxx54ahjppf45sd87a5aumUskocpQucMnvwsUt.aC6WLWGcLNcY6', 'CodeQr930.png', '077d98f78ba6f6dcb53d3c9bfbac0a78', 0, 'ACAPULCO ZONA DORADA', 0),
(70, 'PRUEBA', 'Logo1964.png', '2022-05-25 02:07:40', 'hotelprueba@gmail.com', '$2a$07$asxx54ahjppf45sd87a5aumUskocpQucMnvwsUt.aC6WLWGcLNcY6', 'CodeQr7647.png', 'f7ab684bea27447f3926d5b6d2027a92', 0, 'ACAPULCO', 0),
(71, 'HOTEL PRUEBA', 'Logo5087.jpg', '2022-06-01 01:47:59', 'pruebaacapulco@gmail.com', '$2a$07$asxx54ahjppf45sd87a5aumUskocpQucMnvwsUt.aC6WLWGcLNcY6', 'CodeQr7717.png', '8b997db37806e97fd692206a1a0b961a', 0, 'ACAPULCO', 1),
(72, 'HOTEL CASITA AZUL', 'Logo922.jpg', '2022-06-02 20:13:38', 'casitaazul@gmail.com', '$2a$07$asxx54ahjppf45sd87a5aumUskocpQucMnvwsUt.aC6WLWGcLNcY6', 'CodeQr8317.png', '7b7300314a7539e327760a20a42132a3', 0, 'ACAPULCO', 1),
(73, 'HOTEL COSTA AZUL', 'Logo3851.jpg', '2022-06-08 01:49:11', 'costaazul@gmail.com', '$2a$07$asxx54ahjppf45sd87a5auJRR6foEJ7ynpjisKtbiKJbvJsoQ8VPS', 'CodeQr5344.png', 'affb2737bb3ee45b1aed5edd696108ad', NULL, 'GUERRERO', 1),
(74, 'HOTEL NUEVA ERA', 'Logo5015.jpg', '2022-06-08 01:50:00', 'hotel.nueva@gmail.com', '$2a$07$asxx54ahjppf45sd87a5auJRR6foEJ7ynpjisKtbiKJbvJsoQ8VPS', 'CodeQr9932.png', 'f06dfb1be530896dd786318fac1b2a2e', 0, 'GUERRERO', 1),
(75, 'HOTEL PACIFICO', 'Logo4881.jpg', '2022-06-08 02:52:58', 'hotel.pacifico@gmail.com', '$2a$07$asxx54ahjppf45sd87a5auQylQEl6vpdaSMrK0ozLjPXfBZACPPCC', 'CodeQr6805.png', '0584909323124966cef2ecaee9888a99', 0, 'YUCATÁN', 1),
(76, 'HOTEL CONDESA BEACH', 'Logo7523.jpg', '2022-06-09 01:32:25', 'condesa.beach@gmail.com', '$2a$07$asxx54ahjppf45sd87a5auJRR6foEJ7ynpjisKtbiKJbvJsoQ8VPS', 'CodeQr3279.png', '83701aa8e7203059bc5ccf6e9089f4a5', 0, 'GUERRERO', 1),
(77, 'CAMIONES', 'Logo5669.jpg', '2022-06-09 01:47:13', 'camiones@gmail.com', '$2a$07$asxx54ahjppf45sd87a5auJRR6foEJ7ynpjisKtbiKJbvJsoQ8VPS', 'CodeQr8522.png', 'c98501abaf0b67faa6e1e77173d51fd8', NULL, 'GUERRERO', 1),
(78, 'GAVIOTAS', 'Logo5478.jpg', '2022-06-09 02:30:31', 'gaviotas@gmail.com', '$2a$07$asxx54ahjppf45sd87a5auJRR6foEJ7ynpjisKtbiKJbvJsoQ8VPS', 'CodeQr510.png', '4764ff43370e496bf6445b4fe4ca3b9c', 0, 'GUERRERO', 1),
(80, 'FWERWERWE', 'Logo3080.jpg', '2022-06-09 19:08:07', 'prueba@prueba.com', '$2a$07$asxx54ahjppf45sd87a5auJRR6foEJ7ynpjisKtbiKJbvJsoQ8VPS', 'CodeQr2793.png', 'e428afdbb6eb17ee704ea41eaa788878', 0, 'GUERRERO', 1),
(81, 'HOTEL COPACABANA', 'Logo5579.jpg', '2022-06-10 04:25:02', 'copacabana@gmail.com', '$2a$07$asxx54ahjppf45sd87a5auJRR6foEJ7ynpjisKtbiKJbvJsoQ8VPS', 'CodeQr6141.png', 'e072e297e96bcace1f23e09d0d8dab6d', 0, 'GUERRERO', 1),
(82, 'HOTEL GRAND HOTEL', '', '2022-06-10 18:46:55', 'grand.hotel@gmail.com', '$2a$07$asxx54ahjppf45sd87a5auJRR6foEJ7ynpjisKtbiKJbvJsoQ8VPS', 'CodeQr1643.png', 'cd53df14a9c72cb387d1b70e699d0ada', 0, 'GUERRERO', 1),
(83, 'PUREPUPREUPURE', 'Logo3355.jpg', '2022-06-10 19:59:24', 'pruebahotel@gmail.com', '$2a$07$asxx54ahjppf45sd87a5auJRR6foEJ7ynpjisKtbiKJbvJsoQ8VPS', 'CodeQr820.png', '07f932a4db672bd21128c78fdeade890', 1, 'GUERRERO', 1),
(84, 'ONE ACAPULCO', '', '2022-06-10 20:16:46', 'one.acapulco@gmail.com', '$2a$07$asxx54ahjppf45sd87a5auFL5K1.Cmt9ZheoVVuudOi5BCi10qWly', 'CodeQr7790.png', 'e4cb2398e59cbf5d9e12bd7e88652c3a', 0, 'GUERRERO', 1),
(85, 'NOSE', '', '2022-06-10 21:08:26', 'nose@gmail.com', '$2a$07$asxx54ahjppf45sd87a5auJRR6foEJ7ynpjisKtbiKJbvJsoQ8VPS', 'CodeQr4636.png', '6da250228370b0117438ff98ec26149d', 0, 'GUERRERO', 1),
(86, 'ANAHI', 'Logo3660.jpg', '2022-06-11 03:56:18', 'anahi@gmail.com', '$2a$07$asxx54ahjppf45sd87a5auRajNP0zeqOkB9Qda.dSiTb2/n.wAC/2', 'CodeQr8959.png', 'fa57b7bfdc458af7728ea091900ddfbb', 0, 'GUERRERO', 1),
(87, 'COSTERA', 'Logo469.jpg', '2022-06-11 14:08:26', 'costera@gmail.com', '$2a$07$asxx54ahjppf45sd87a5auJRR6foEJ7ynpjisKtbiKJbvJsoQ8VPS', 'CodeQr6707.png', '093a90d55f2dd41159e7ff9ded3726d6', 0, 'GUERRERO', 1),
(88, 'HOTEL DEMO ONE', 'Logo9080.png', '2022-06-14 02:39:59', 'hotel.demo1@hospedaje.vixdrix.com', '$2a$07$asxx54ahjppf45sd87a5auJRR6foEJ7ynpjisKtbiKJbvJsoQ8VPS', 'CodeQr2638.png', '82bbbd83b3da0825586d9c4095f52eb0', 0, 'GUERRERO', 1),
(89, 'HOTEL DEMO TWO', 'Logo6267.png', '2022-06-14 02:54:22', 'hotel.demo2@hospedaje.vixdrix.com', '$2a$07$asxx54ahjppf45sd87a5auJRR6foEJ7ynpjisKtbiKJbvJsoQ8VPS', 'CodeQr2732.png', 'cfc1ec8392d343a59d3094a50d3e6bbf', 0, 'GUERRERO', 1),
(90, 'HOTEL DEMO THREE', 'Logo3186.png', '2022-06-14 02:55:09', 'hotel.demo3@hospedaje.vixdrix.com', '$2a$07$asxx54ahjppf45sd87a5auJRR6foEJ7ynpjisKtbiKJbvJsoQ8VPS', 'CodeQr4201.png', 'a155255d9b1aacdfeb9658993e65942c', 0, 'GUERRERO', 1),
(91, 'HOTEL DEMO FOUR', 'Logo1242.png', '2022-06-14 02:56:07', 'hotel.demo4@hospedaje.vixdrix.com', '$2a$07$asxx54ahjppf45sd87a5auJRR6foEJ7ynpjisKtbiKJbvJsoQ8VPS', 'CodeQr5091.png', '7e2b0eea354d8ff94011d923e38d5938', 0, 'GUERRERO', 1),
(92, 'HOTEL DEMO FIVE', 'Logo2627.png', '2022-06-14 02:56:49', 'hotel.demo5@hospedaje.vixdrix.com', '$2a$07$asxx54ahjppf45sd87a5auJRR6foEJ7ynpjisKtbiKJbvJsoQ8VPS', 'CodeQr6704.png', '0f9ec22b295bc5878b6f9f34b2dc73d9', 0, 'GUERRERO', 1),
(93, 'HOTEL AVENTURA', '', '2022-06-16 16:01:32', 'aventura@gmail.com', '$2a$07$asxx54ahjppf45sd87a5auJRR6foEJ7ynpjisKtbiKJbvJsoQ8VPS', 'CodeQr849.png', '7aac9ae7d0ac9d7134a5a97fbbba16d5', 0, 'CIUDAD DE MéXICO', 1),
(94, 'HOTEL NUEVO ACAPULCO', 'Logo5481.jpg', '2022-06-22 01:51:09', 'hotelnuevoacapulco@gmail.com', '$2a$07$asxx54ahjppf45sd87a5auJRR6foEJ7ynpjisKtbiKJbvJsoQ8VPS', 'CodeQr8416.png', '14bf3c356d8231b725347261b13e894f', 0, 'HIDALGO', 1),
(114, 'HOTEL ACAPULCO NUEVA ERA', 'Logo1265.jpg', '2022-06-29 01:46:57', 'luismca18@gmail.com', '$2a$07$asxx54ahjppf45sd87a5auJRR6foEJ7ynpjisKtbiKJbvJsoQ8VPS', 'CodeQr9578.png', '461030a93e2444b4e1b74cde261e40c5', 0, 'GUERRERO', 1),
(116, '3 CACHORROS', 'Logo6642.jpg', '2022-06-29 20:47:38', 'luis.calleja18@hotmail.com', '$2a$07$asxx54ahjppf45sd87a5auJRR6foEJ7ynpjisKtbiKJbvJsoQ8VPS', 'CodeQr7002.png', '80913d576f8c3079574c4b3aff009a66', NULL, 'NAYARIT', 1),
(117, 'HOTEL MEDINA', 'Logo8032.png', '2022-06-30 07:10:01', 'david.medina@projecter.org', '$2a$07$asxx54ahjppf45sd87a5auJRR6foEJ7ynpjisKtbiKJbvJsoQ8VPS', 'CodeQr4048.png', '3eecf175d3e94f21015e05875f7db817', 0, 'Puebla', 2),
(120, 'HEDFDFDFFDFD', 'Logo5031.jpg', '2022-07-06 11:51:07', 'hugo_eusebio@hotmail.com', '$2a$07$asxx54ahjppf45sd87a5auJRR6foEJ7ynpjisKtbiKJbvJsoQ8VPS', 'CodeQr1306.png', '9a69543b75412eea93fb3d7093e78cc5', 0, 'Baja California', 1),
(122, 'MIS 2 AMIGOS', 'Logo9446.jpg', '2022-07-06 17:39:12', 'luismiguelcalleja.mega@gmail.com', '$2a$07$asxx54ahjppf45sd87a5aumUskocpQucMnvwsUt.aC6WLWGcLNcY6', 'CodeQr3798.png', 'd97c15151e9963973ccf2d1c29e67e0e', 0, 'Jalisco', 1),
(123, 'HOTEL1 PRUEBAS2', 'Logo9136.png', '2022-07-10 16:40:03', 'jac93836@jeoce.com', '$2a$07$asxx54ahjppf45sd87a5auJRR6foEJ7ynpjisKtbiKJbvJsoQ8VPS', 'CodeQr5556.png', 'f11946323ab5814d57aad8d2e379ff1c', 0, 'Durango', 1),
(124, 'HOTEL PRUEBA 11', 'Logo4212.jpg', '2022-07-10 18:03:22', 'oeh33758@jiooq.com', '$2a$07$asxx54ahjppf45sd87a5auJRR6foEJ7ynpjisKtbiKJbvJsoQ8VPS', 'CodeQr3655.png', '34adb8f3caf382211b79f288d390e623', 0, 'Jalisco', 1),
(125, 'HOTEL DE PRUEBA 3', 'Logo4307.jpg', '2022-07-10 18:21:29', 'kbj47336@jiooq.com', '$2a$07$asxx54ahjppf45sd87a5auJRR6foEJ7ynpjisKtbiKJbvJsoQ8VPS', 'CodeQr3028.png', 'a7cb9d991ba050061388ad891e6aa006', NULL, 'SONORA', 1),
(126, 'HOTEL DE PRUEBA 1000', 'Logo1022.jpg', '2022-07-10 18:26:22', 'uus43560@jiooq.com', '$2a$07$asxx54ahjppf45sd87a5auJRR6foEJ7ynpjisKtbiKJbvJsoQ8VPS', 'CodeQr7333.png', '50090dbcc7399f3c0894a4e1d19b9db5', 0, 'Oaxaca', 1),
(127, 'HOTEL DE PRUEBA 2000', 'Logo9307.jpg', '2022-07-10 18:43:48', 'lda18478@jiooq.com', '$2a$07$asxx54ahjppf45sd87a5auJRR6foEJ7ynpjisKtbiKJbvJsoQ8VPS', 'CodeQr5523.png', 'bdfd1c52b49e2427cb46446cfdcdc569', 0, 'Tabasco', 1),
(128, 'HOTEL DE PRUEBA 3000', 'Logo7027.jpg', '2022-07-10 19:11:14', 'hcu79022@xcoxc.com', '$2a$07$asxx54ahjppf45sd87a5auJRR6foEJ7ynpjisKtbiKJbvJsoQ8VPS', 'CodeQr7804.png', 'c607af9a04afb20ad0f2120b0564eb06', 0, 'Guerrero', 1),
(129, 'HOTEL PRUEBA 1', '', '2022-07-10 23:05:40', 'hid09186@jeoce.com', '$2a$07$asxx54ahjppf45sd87a5auJRR6foEJ7ynpjisKtbiKJbvJsoQ8VPS', 'CodeQr1018.png', 'c301ffaa7a608b59bbfed3f797c91ad9', 0, 'COLIMA', 1),
(130, 'HOTEL 500', '', '2022-07-11 00:02:53', 'ktx53830@zcrcd.com', '$2a$07$asxx54ahjppf45sd87a5auJRR6foEJ7ynpjisKtbiKJbvJsoQ8VPS', 'CodeQr5473.png', '8576f343726d1a65e7ca4157f41164e5', 0, 'BAJA CALIFORNIA', 1),
(131, 'HOTEL 25', 'Logo255.jpg', '2022-07-11 15:44:20', 'qvl03598@jiooq.com', '$2a$07$asxx54ahjppf45sd87a5auJRR6foEJ7ynpjisKtbiKJbvJsoQ8VPS', 'CodeQr5852.png', '769ba81ab1e20effe52300bbeddeb2e7', 0, 'CHIAPAS', 1),
(132, 'HOTEL DE PRUEBA', 'Logo5523.jpg', '2022-07-11 18:32:59', 'aka47964@zcrcd.com', '$2a$07$asxx54ahjppf45sd87a5auJRR6foEJ7ynpjisKtbiKJbvJsoQ8VPS', 'CodeQr8609.png', '5008d2fae12c9a464ea9849bd0e4dffe', 0, 'COLIMA', 1),
(133, 'HOTEL DE PRUEBA', 'Logo526.jpg', '2022-07-11 18:42:51', 'tdl72503@jiooq.com', '$2a$07$asxx54ahjppf45sd87a5auJRR6foEJ7ynpjisKtbiKJbvJsoQ8VPS', 'CodeQr9506.png', '18f53be6f65c941bc46bb6a0033b09df', 0, 'GUANAJUATO', 1),
(134, 'HOTEL DE PRUEBA', 'Logo1039.jpg', '2022-07-11 19:02:25', 'ygy34202@zcrcd.com', '$2a$07$asxx54ahjppf45sd87a5auJRR6foEJ7ynpjisKtbiKJbvJsoQ8VPS', 'CodeQr8610.png', 'fc7d1fa51067eaa357e38327fbe4a018', 0, 'ESTADO DE MéXICO', 1);

--
-- Disparadores `hotel`
--
DELIMITER $$
CREATE TRIGGER `ActulizaSolicitudes` BEFORE UPDATE ON `hotel` FOR EACH ROW if NEW.pkHotel=2 THEN
UPDATE solicitud set autorizado=1 where solicitud.idHotel=NEW.idHotel;
END IF
$$
DELIMITER ;

-- --------------------------------------------------------

--
-- Estructura de tabla para la tabla `resolutor`
--

CREATE TABLE `resolutor` (
  `idresolutor` int(11) NOT NULL,
  `idhotel` int(11) NOT NULL,
  `nombreresolutor` text NOT NULL,
  `apellidoPresolutor` text NOT NULL,
  `apellidoMresolutor` text NOT NULL,
  `fotoresolutor` text NOT NULL,
  `puestoresolutor` text DEFAULT NULL
) ENGINE=InnoDB DEFAULT CHARSET=utf8;

--
-- Volcado de datos para la tabla `resolutor`
--

INSERT INTO `resolutor` (`idresolutor`, `idhotel`, `nombreresolutor`, `apellidoPresolutor`, `apellidoMresolutor`, `fotoresolutor`, `puestoresolutor`) VALUES
(0, 1, 'RECEPCIÓN', '', '', '', 'ÁREA DE RECEPCIÓN'),
(25, 72, 'luis', 'calleja', 'a', '', NULL),
(29, 80, 'PANCHO', 'LOPEZ', 'P', 'resolutor1953.jpg', NULL),
(30, 82, 'KARLA', 'CARRANZA', 'P', 'resolutor1664.jpg', NULL),
(31, 83, 'ARTURO', 'A', 'D', 'resolutor2461.jpg', NULL),
(32, 84, 'LUIS ', 'CALLEJA', 'A', 'default.png', NULL),
(33, 84, 'ROGELIO', 'SDA', 'ASA', 'default.png', NULL),
(34, 85, 'MARIBEL', 'SO', 'SO', 'resolutor586.jpg', NULL),
(35, 85, 'ARTURO', 'M', 'M', 'resolutor7804.jpg', NULL),
(37, 86, 'PERRITO', 'BONITO', 'A', 'resolutor5039.jpg', NULL),
(38, 87, 'HUGO', 'EC', 'EC', 'default.png', NULL),
(39, 68, 'DIVED', 'MEDINA', 'HERNÁNDEZ', 'resolutor6258.jpg', NULL),
(40, 87, 'LUIS', 'CALLEJA', 'A', 'resolutor6023.png', NULL),
(41, 87, 'RODOLFO', 'GUTIERREZ', 'C', 'resolutor5292.png', NULL),
(42, 87, 'CONCHITA', 'DOMINGUEZ', 'C', 'resolutor9427.png', NULL),
(43, 87, 'BETY', 'CASTILLO', 'V', 'resolutor3162.png', NULL),
(45, 93, 'LUIS', 'AGUILAR', '', 'default.png', 'MESERO'),
(46, 114, 'MARIANA', 'CARDENAS', '', 'resolutor9971.png', 'HOSTESS'),
(47, 114, 'HUGO', 'SANCHEZ', '', '', 'MESERO23'),
(52, 117, 'DAVID', 'MEDINA', '', 'resolutor7341.jpg', 'COLABORADOR'),
(56, 120, 'TED', 'EUSEBIO', '', 'resolutor7816.jpg', 'CAMARERO'),
(57, 120, 'HUGO', 'E', '', 'resolutor9357.jpg', 'LIMPIEZA'),
(58, 122, 'CHUCHITO', 'ASAS', '', 'default.png', 'MESERO'),
(59, 123, 'TEODORO', 'MARTINEZ', '', 'resolutor7962.jpg', 'CAMARERO'),
(60, 123, 'CARLOS', 'LÓPEZ', '', 'resolutor9101.jpg', 'RECEPCIÓN'),
(61, 124, 'COLABORADOR 1', 'COLABORADOR 1', '', 'resolutor710.jpg', 'ASISTENTE'),
(62, 124, 'COLABORADOR 2', 'COLABORADOR 2', '', '', ''),
(63, 126, 'COLABORADOR 1', 'COLABORADOR 1', '', 'resolutor6559.jpg', 'ASISTENTE'),
(64, 126, 'COLABORADOR 2', 'COLABORADOR 2', '', 'resolutor3487.jpg', 'RECAMARERO'),
(65, 127, 'COLABORADOR 1', 'C1', '', 'resolutor4994.jpg', 'CAMARERO'),
(66, 127, 'COLABORADOR 2', 'C2', '', 'resolutor8160.jpg', 'ASISTENTE'),
(67, 128, 'COLABORADOR 1', 'C1', '', 'resolutor6514.jpg', 'ASISTENTE'),
(68, 128, 'COLABORADOR 2', 'C2', '', 'resolutor895.jpg', 'CAMARERO'),
(69, 129, 'LORENA', 'G', '', 'default.png', 'ASISTENTE'),
(70, 130, 'LORENA', 'GT', '', 'default.png', 'ASISTENTE'),
(71, 131, 'JUAN', 'LÓPEZ', '', 'default.png', 'BOTONES'),
(72, 132, 'JUAN', 'PÉREZ', '', 'resolutor3389.jpg', 'BOTONES'),
(74, 132, 'PEDRO', 'LÓPEZ', '', 'resolutor533.jpg', 'CAMARERO'),
(75, 133, 'JUAN', 'LÓPEZ', '', 'resolutor9203.jpg', 'ASISTENTE'),
(76, 133, 'PEDRO', 'PÉREZ', '', 'resolutor2129.jpg', 'CAMARERO'),
(77, 134, 'JUAN', 'LÓPEZ', '', 'resolutor4283.jpg', 'ASISTENTE'),
(78, 134, 'PEDRO', 'PÉREZ', '', 'resolutor2867.jpg', 'CAMARERO');

-- --------------------------------------------------------

--
-- Estructura de tabla para la tabla `solicitud`
--

CREATE TABLE `solicitud` (
  `idsolicitud` int(11) NOT NULL,
  `idHotel` int(11) NOT NULL,
  `idtarea` int(11) NOT NULL,
  `descripcionsolicitud` text NOT NULL,
  `apellidoHuesped` text NOT NULL,
  `numhabitacionhuesped` int(11) NOT NULL,
  `idresolutor` int(11) DEFAULT NULL,
  `statussolicitud` int(11) NOT NULL DEFAULT 1,
  `tiemposolicitud` time DEFAULT current_timestamp(),
  `valoracionsolicitud` text NOT NULL,
  `comentariosolicitud` text NOT NULL,
  `comentarioHotel` text NOT NULL,
  `FechaHorasolicitud` timestamp NOT NULL DEFAULT current_timestamp(),
  `folioHotel` int(11) DEFAULT 0,
  `tiempoStatus` datetime NOT NULL,
  `autorizado` int(11) NOT NULL DEFAULT 0
) ENGINE=InnoDB DEFAULT CHARSET=utf8;

--
-- Volcado de datos para la tabla `solicitud`
--

INSERT INTO `solicitud` (`idsolicitud`, `idHotel`, `idtarea`, `descripcionsolicitud`, `apellidoHuesped`, `numhabitacionhuesped`, `idresolutor`, `statussolicitud`, `tiemposolicitud`, `valoracionsolicitud`, `comentariosolicitud`, `comentarioHotel`, `FechaHorasolicitud`, `folioHotel`, `tiempoStatus`, `autorizado`) VALUES
(78, 72, 13, 'Necesito un cargador\n', ' ', 12, 25, 2, '20:51:08', ' ', ' ', 'TODO EXCELENTE', '2022-06-02 15:51:08', 0, '2022-06-02 20:51:32', 1),
(79, 72, 5, 'Necesito una almohada', ' ', 12, 25, 2, '00:00:00', '5 estrellas', 'Muy buen servicio', ' ', '2022-06-02 21:21:27', 0, '2022-06-03 02:22:03', 1),
(80, 72, 6, 'Necesito algo', ' ', 12, NULL, 1, '23:47:41', ' ', ' ', ' ', '2022-06-04 18:47:41', 0, '2022-06-04 23:47:41', 1),
(81, 72, 1, 'Prueba 001HE', ' ', 12, NULL, 1, '20:43:33', ' ', ' ', ' ', '2022-06-06 15:43:33', 0, '2022-06-06 20:43:33', 1),
(82, 72, 5, 'no se', ' ', 12, NULL, 2, '00:00:00', '2 estrellas', '', ' ', '2022-06-06 15:51:47', 0, '2022-06-06 20:51:47', 1),
(83, 72, 14, 'Ok', ' ', 12, NULL, 1, '22:42:50', ' ', ' ', ' ', '2022-06-06 17:42:50', 0, '2022-06-06 22:42:50', 1),
(84, 86, 14, '', ' ', 12, 37, 3, '07:04:39', ' ', ' ', ' ', '2022-06-09 23:39:48', 0, '2022-06-11 07:04:39', 1),
(86, 86, 12, 'Ayuda', ' ', 25, NULL, 4, '05:22:23', ' ', ' ', 'MNMN', '2022-06-10 13:51:05', 0, '2022-06-10 13:51:05', 1),
(87, 86, 14, 'Ayuda', ' ', 23, 37, 2, '00:00:00', ' ', ' ', ' ', '2022-06-11 02:05:59', 0, '2022-06-11 07:06:19', 1),
(88, 86, 8, 'Ayu', ' ', 12, 37, 3, '07:21:23', ' ', ' ', ' ', '2022-06-11 02:20:59', 0, '2022-06-11 02:21:23', 1),
(94, 68, 14, '', ' ', 0, NULL, 2, '18:25:38', ' ', ' ', ' ', '2022-06-13 12:08:50', 0, '0000-00-00 00:00:00', 1),
(96, 68, 10, '', ' ', 0, NULL, 2, '00:00:00', ' ', ' ', ' ', '2022-06-14 13:25:52', 0, '0000-00-00 00:00:00', 1),
(102, 68, 10, 'Necesito que reparen la ducha, se encuentra dañado en la parte de arriba', ' ', 0, NULL, 4, '18:37:57', ' ', ' ', 'SE CANCELA LA SOLICITUD', '2022-06-16 13:33:02', 0, '0000-00-00 00:00:00', 1),
(103, 68, 10, 'Necesito que reparen mi bañera', ' ', 0, NULL, 2, '18:41:48', '3 estrellas', ' ', 'SI', '2022-06-16 13:39:35', 0, '0000-00-00 00:00:00', 1),
(104, 68, 1, 'Solicito limpieza a mi habitación', ' ', 0, 39, 2, '22:24:59', '5 estrellas', ' ', 'OK', '2022-06-16 17:23:21', 0, '2022-06-16 17:24:53', 1),
(105, 68, 10, ' ', ' ', 0, 39, 2, '23:43:49', ' ', ' ', 'SI', '2022-06-16 17:29:05', 0, '2022-06-16 18:43:49', 1),
(106, 68, 13, '', ' ', 0, 39, 2, '23:46:03', ' ', ' ', 'SI', '2022-06-16 18:45:18', 0, '2022-06-16 18:46:03', 1),
(107, 68, 11, 'Necesito reparen el aire acondicionado ', ' ', 0, NULL, 4, '01:34:39', '5 estrellas', ' ', 'MUCHO TIEMPO', '2022-06-21 20:34:10', 0, '0000-00-00 00:00:00', 1),
(133, 87, 2, 'Mal olor en la habitación ', ' ', 20, 41, 2, '00:02:39', '5 estrellas', ' ', ' ', '2022-06-23 10:28:39', 1, '2022-06-23 10:32:04', 1),
(134, 87, 10, 'asdasd', ' ', 112, NULL, 4, '18:06:36', ' ', ' ', 'POR QUE SI', '2022-06-23 13:06:36', 2, '0000-00-00 00:00:00', 1),
(135, 87, 8, 'Necesito una placha', ' ', 112, NULL, 2, '00:00:32', '4 estrellas', ' ', ' ', '2022-06-23 15:22:03', 3, '0000-00-00 00:00:00', 1),
(136, 87, 1, 'Necesito limpieza ', ' ', 112, NULL, 1, '20:28:06', ' ', ' ', ' ', '2022-06-23 15:28:06', 4, '0000-00-00 00:00:00', 1),
(151, 68, 10, 'Necesito que reparen la regadera ', ' ', 0, 39, 2, '05:16:15', ' ', ' ', 'SE COMPLETO', '2022-06-25 00:16:15', 1, '2022-06-25 00:18:28', 1),
(152, 68, 14, ' ', ' ', 0, NULL, 4, '06:33:42', ' ', ' ', 'NO CORRECTA', '2022-06-25 01:33:42', 2, '0000-00-00 00:00:00', 1),
(153, 68, 14, 'Me falla la iluminación, necesito que vengan a revisar', ' ', 0, 39, 2, '00:00:00', '3 estrellas', ' ', ' ', '2022-06-25 01:38:22', 3, '2022-06-25 01:41:50', 1),
(158, 114, 11, 'LO QUE NECESITE SE LO CONSEGUIMOS ESTAMOS PARA SERVIRLE, EN UN MOMENTO LLEGA UN COLABORADOR CON USTE', ' ', 12, 46, 4, '01:54:36', ' ', ' ', 'LO QUE NECESITE SE LO CONSEGUIMOS ESTAMOS PARA SERVIRLE, EN UN MOMENTO LLEGA UN COLABORADOR CON USTE', '2022-06-28 20:54:36', 1, '2022-06-28 21:17:01', 1),
(159, 114, 6, 'Me falla todas las luces', ' ', 12, 47, 2, '00:00:00', '4 estrellas', ' ', ' ', '2022-06-28 20:57:16', 2, '2022-06-28 21:33:23', 1),
(160, 114, 14, 'Ruido', ' ', 12, 47, 2, '00:00:00', '5 estrellas', ' ', 'A', '2022-06-28 21:33:23', 3, '2022-06-28 21:38:27', 1),
(161, 114, 3, ' ', ' ', 12, NULL, 4, '04:34:02', ' ', ' ', ' ', '2022-06-28 23:34:02', 4, '0000-00-00 00:00:00', 1),
(162, 68, 4, 'Necesito limpieza en mi habitación', ' ', 0, 39, 2, '00:00:49', '4 estrellas', ' ', ' ', '2022-06-29 00:11:49', 4, '2022-06-29 00:14:05', 1),
(163, 68, 1, 'Necesito que vengan a reparar la iluminación de mi cuarto', ' ', 0, NULL, 2, '00:01:00', '5 estrellas', ' ', ' DE ACUERDO, EN UNOS MINUTOS LO ATENDEMOS\n', '2022-06-29 01:15:29', 5, '0000-00-00 00:00:00', 1),
(166, 68, 14, ' ', ' ', 0, 39, 4, '15:33:54', ' ', ' ', 'ERROR', '2022-06-29 10:33:54', 6, '2022-06-29 10:35:35', 1),
(168, 68, 10, 'Me falla la bañera', ' ', 0, NULL, 4, '18:11:57', ' ', ' ', 'CANCELA', '2022-06-29 13:11:57', 7, '0000-00-00 00:00:00', 1),
(169, 68, 10, 'Me falla la bañera', ' ', 0, 39, 2, '00:00:06', '3 estrellas', ' ', ' ', '2022-06-29 13:13:47', 8, '2022-06-29 13:17:51', 1),
(170, 68, 2, 'Hay un aroma extraño en mi habitación', ' ', 0, NULL, 2, '00:00:29', '4 estrellas', ' ', ' ', '2022-06-29 13:23:33', 9, '0000-00-00 00:00:00', 1),
(171, 68, 4, 'Me falla mi red,  mis dispositivos se conectan y desconectan por lapsos de tiempo', ' ', 0, 39, 2, '00:00:05', '4 estrellas', ' ', ' ', '2022-06-29 13:26:07', 10, '2022-06-29 13:26:38', 1),
(172, 68, 4, 'Lo de siempre, limpieza a mi habitación, una muda de mantas limpias y la clave del internet.', ' ', 0, 39, 2, '20:31:57', ' ', ' ', 'SE LE ENVIO LA CLAVE DE INTERNET A TRAVéS DE LAS NOTAS', '2022-06-29 15:31:57', 11, '2022-06-29 15:34:11', 1),
(200, 117, 4, 'La clave del internet por favor ', ' ', 1, 0, 4, '07:12:04', ' ', ' ', 'CANCELADA, DEBIDO A QUE NO ESTá HABILITADO EL BOTóN DE ATENDIDA', '2022-06-30 02:12:04', 1, '0000-00-00 00:00:00', 1),
(201, 117, 4, ' ', ' ', 1, 0, 4, '07:13:07', ' ', ' ', 'ERROR A LA HORA DE DESPLEGAR LA INFORMACIóN Y CAPTURARLA', '2022-06-30 02:13:07', 2, '0000-00-00 00:00:00', 1),
(202, 117, 4, 'Clave wifi', ' ', 1, 0, 2, '00:00:05', '5 estrellas', ' ', ' ', '2022-06-30 07:57:54', 3, '0000-00-00 00:00:00', 1),
(219, 117, 3, 'Requiero de limpieza a mi habitación ', ' ', 2, 0, 2, '00:00:19', '5 estrellas', ' ', ' ', '2022-06-30 19:43:44', 4, '0000-00-00 00:00:00', 1),
(220, 117, 1, ' ', ' ', 2, 0, 4, '00:44:34', ' ', ' ', 'ERROR', '2022-06-30 19:44:34', 5, '0000-00-00 00:00:00', 1),
(221, 117, 1, 'Habitación muy sucia ', ' ', 2, 52, 2, '00:01:17', '5 estrellas', ' ', ' OK', '2022-06-30 19:46:47', 6, '2022-06-30 19:48:09', 1),
(222, 117, 1, 'atyuda', ' ', 2, 52, 2, '06:26:29', ' ', ' ', 'YA', '2022-07-03 01:26:29', 7, '2022-07-03 01:44:53', 1),
(223, 117, 8, ' ', ' ', 2, 52, 4, '06:34:30', ' ', ' ', 'SE EXCEDIó EL TIEMPO', '2022-07-03 01:34:30', 8, '2022-07-03 01:45:13', 1),
(224, 117, 4, ' ', ' ', 1, 0, 4, '06:36:43', ' ', ' ', 'ERROR EN EL SISTEMA', '2022-07-03 01:36:43', 9, '0000-00-00 00:00:00', 1),
(225, 117, 12, 'No puedo ver la tele', ' ', 2, 0, 4, '06:38:27', ' ', ' ', 'POR QUE SI', '2022-07-03 01:38:27', 10, '0000-00-00 00:00:00', 1),
(226, 117, 2, 'Me pueden proporcionar la clave del internet ', ' ', 3, 52, 2, '22:30:34', ' ', ' ', 'ATENDIDO CORRECTAMENTE', '2022-07-03 17:30:34', 11, '2022-07-03 17:31:25', 1),
(227, 117, 4, ' ', ' ', 3, 0, 4, '22:33:58', ' ', ' ', 'ERROR', '2022-07-03 17:33:58', 12, '0000-00-00 00:00:00', 1),
(228, 117, 1, 'Requiero de limpieza en mi habitación ', ' ', 45, 52, 2, '00:00:57', '5 estrellas', ' ', ' ENVIAREMOS UNA CAMARISTE EN SEGUIDA', '2022-07-03 17:56:09', 13, '2022-07-03 17:56:55', 1),
(229, 117, 13, '', ' ', 45, 0, 4, '22:57:38', ' ', ' ', 'CUANDO HAY UN ERROR NO PERMITE CAMBIAR LOS DATOS DE LA SOLICITUD', '2022-07-03 17:57:38', 14, '0000-00-00 00:00:00', 1),
(230, 117, 6, 'Mantas', ' ', 45, 0, 2, '23:44:51', ' ', ' ', 'OK', '2022-07-03 18:44:51', 15, '0000-00-00 00:00:00', 1),
(231, 117, 14, 'Luz', ' ', 45, 0, 4, '23:49:16', ' ', ' ', 'ERROR EN HUESPED', '2022-07-03 18:49:16', 16, '0000-00-00 00:00:00', 1),
(232, 117, 14, 'Iluminación ', ' ', 45, 0, 2, '00:00:04', '5 estrellas', ' ', ' ', '2022-07-03 18:49:45', 17, '0000-00-00 00:00:00', 1),
(233, 117, 1, 'Limpieza ', ' ', 45, 0, 2, '00:00:42', '5 estrellas', ' ', ' ', '2022-07-03 18:50:16', 18, '0000-00-00 00:00:00', 1),
(234, 117, 5, 'Almohadas ', ' ', 45, 0, 4, '23:50:52', ' ', ' ', 'OK', '2022-07-03 18:50:52', 19, '0000-00-00 00:00:00', 1),
(235, 117, 11, 'Aire', ' ', 45, 52, 2, '00:02:50', ' ', ' ', 'OK', '2022-07-03 19:02:50', 20, '2022-07-03 19:08:55', 1),
(236, 117, 4, 'Necesito la clave ', ' ', 5, 0, 4, '00:13:42', ' ', ' ', 'NO ENVíO EL ID DE LA SOLICITUD', '2022-07-03 19:13:42', 21, '0000-00-00 00:00:00', 1),
(237, 117, 4, 'Clave por favor ', ' ', 5, 0, 4, '00:30:22', ' ', ' ', 'ERR', '2022-07-03 19:30:22', 22, '0000-00-00 00:00:00', 1),
(238, 117, 14, 'luz', ' ', 5, 0, 4, '00:32:24', ' ', ' ', 'E', '2022-07-03 19:32:24', 23, '0000-00-00 00:00:00', 1),
(247, 117, 4, '', ' ', 5, 0, 2, '01:42:51', ' ', ' ', 'NO SE', '2022-07-03 20:42:51', 24, '0000-00-00 00:00:00', 1),
(248, 117, 1, 'Tengo la habitacion muy sucia', ' ', 5, 0, 2, '00:01:16', '5 estrellas', ' ', ' YA VA ALGUIEN EN SU AYUDA', '2022-07-04 10:53:25', 25, '2022-07-04 10:55:23', 1),
(249, 117, 4, 'No detecta la wifi', ' ', 3, 0, 2, '00:00:26', '5 estrellas', ' ', ' YA ', '2022-07-04 10:58:24', 26, '2022-07-04 10:58:41', 1),
(250, 117, 8, 'Necesito una plancha', ' ', 3, 52, 2, '00:01:05', '5 estrellas', ' ', ' YA SE LA LLEVAN', '2022-07-04 12:53:49', 27, '2022-07-04 12:54:43', 1),
(251, 117, 14, 'No hay luz', ' ', 2, 0, 4, '17:55:44', ' ', ' ', 'NO TENEMOS PLANCHA', '2022-07-04 12:55:44', 28, '2022-07-04 12:55:59', 1),
(252, 117, 1, 'Requiero de limpieza por favor ', ' ', 2, 0, 2, '22:16:18', ' ', ' ', 'TODO OK', '2022-07-04 17:16:18', 29, '2022-07-04 17:17:34', 1),
(253, 120, 11, 'No enciende', ' ', 1, 56, 3, '12:42:04', ' ', ' ', ' EN UN MOMENTO SERÁ ATANDIDO', '2022-07-06 07:42:04', 1, '2022-07-06 07:50:34', 1),
(254, 120, 8, 'Favor de traerme una plancha', ' ', 5, 0, 4, '12:54:16', ' ', ' ', 'CANCELADA', '2022-07-06 07:54:16', 2, '2022-07-06 07:56:01', 1),
(255, 120, 1, 'Favor de venir a limpiar el cuarto', ' ', 10, NULL, 2, '00:03:18', '5 estrellas', ' ', ' ', '2022-07-06 07:54:55', 3, '0000-00-00 00:00:00', 1),
(256, 122, 4, 'No tengo wifi', ' ', 12, 0, 2, '19:56:22', ' ', ' ', 'YA SE LE ACLARÓ AL HUÉSPED', '2022-07-06 14:56:22', 1, '0000-00-00 00:00:00', 1),
(257, 120, 11, 'No enciende', ' ', 1, NULL, 1, '20:11:55', ' ', ' ', ' ', '2022-07-06 15:11:55', 4, '0000-00-00 00:00:00', 1),
(258, 120, 11, 'No enciende', ' ', 1, NULL, 1, '20:12:09', ' ', ' ', ' ', '2022-07-06 15:12:09', 5, '0000-00-00 00:00:00', 1),
(259, 120, 11, 'No enciende', ' ', 1, NULL, 1, '20:12:16', ' ', ' ', ' ', '2022-07-06 15:12:16', 6, '0000-00-00 00:00:00', 1),
(260, 122, 8, 'Consigame una plancha por favor', ' ', 12, 0, 2, '00:00:48', '5 estrellas', ' ', ' ', '2022-07-06 15:41:45', 2, '2022-07-06 15:53:28', 1),
(261, 120, 11, 'No enciende', ' ', 1, NULL, 2, '00:02:05', '5 estrellas', ' ', ' ', '2022-07-06 16:47:12', 7, '0000-00-00 00:00:00', 1),
(262, 120, 3, 'Hay mucho ruido', ' ', 1, NULL, 2, '00:00:41', '3 estrellas', ' ', ' ', '2022-07-06 19:26:15', 8, '0000-00-00 00:00:00', 1),
(264, 117, 6, 'Una muda limpia', ' ', 65, 0, 4, '01:51:16', ' ', ' ', 'S', '2022-07-06 20:51:16', 30, '0000-00-00 00:00:00', 1),
(265, 117, 1, 'Limpieza ', ' ', 65, 0, 4, '01:54:39', ' ', ' ', 'S', '2022-07-06 20:54:39', 31, '0000-00-00 00:00:00', 1),
(266, 117, 4, 'Requiero de la clave', ' ', 65, 0, 4, '01:58:43', ' ', ' ', 'S', '2022-07-06 20:58:43', 32, '0000-00-00 00:00:00', 1),
(267, 117, 14, 'Me falla la luz', ' ', 6, 0, 4, '23:46:27', ' ', ' ', 'S', '2022-07-07 18:46:27', 33, '0000-00-00 00:00:00', 1),
(268, 117, 14, 'Me falla la luz', ' ', 6, 0, 4, '23:46:34', ' ', ' ', 'S', '2022-07-07 18:46:34', 34, '0000-00-00 00:00:00', 1),
(269, 117, 13, 'Necesito un cargador', ' ', 6, 0, 4, '23:48:08', ' ', ' ', 'E', '2022-07-07 18:48:08', 35, '0000-00-00 00:00:00', 1),
(270, 117, 13, 'Necesito un cargador', ' ', 6, 0, 4, '23:48:31', ' ', ' ', 'E', '2022-07-07 18:48:31', 36, '0000-00-00 00:00:00', 1),
(271, 117, 9, 'Requiero de un técnico', ' ', 6, 0, 4, '23:51:44', ' ', ' ', 'S', '2022-07-07 18:51:44', 37, '0000-00-00 00:00:00', 1),
(272, 117, 9, '', ' ', 6, 0, 4, '23:53:43', ' ', ' ', 'S', '2022-07-07 18:53:43', 38, '0000-00-00 00:00:00', 1),
(273, 117, 9, 'Requiero de un técnico', ' ', 6, 0, 4, '23:54:01', ' ', ' ', 'S', '2022-07-07 18:54:01', 39, '0000-00-00 00:00:00', 1),
(274, 117, 9, 'Requiero de un técnico', ' ', 6, 0, 4, '23:55:30', ' ', ' ', 'S', '2022-07-07 18:55:30', 40, '0000-00-00 00:00:00', 1),
(275, 117, 9, 'Requiero de un técnico', ' ', 6, 0, 4, '23:56:21', ' ', ' ', 'S', '2022-07-07 18:56:21', 41, '0000-00-00 00:00:00', 1),
(276, 117, 11, 'Me falla el aire acondicionado ', ' ', 6, NULL, 2, '00:01:47', '5 estrellas', ' ', ' ', '2022-07-07 19:00:13', 42, '0000-00-00 00:00:00', 1),
(278, 117, 4, 'La clave por favor ', ' ', 6, NULL, 2, '00:00:13', '5 estrellas', ' ', ' ', '2022-07-07 19:10:59', 43, '0000-00-00 00:00:00', 1),
(280, 117, 1, 'Limpieza por favor', ' ', 6, 0, 4, '00:21:39', ' ', ' ', 'TODO OK', '2022-07-07 19:21:39', 44, '0000-00-00 00:00:00', 1),
(281, 117, 8, 'Una plancha por favor', ' ', 6, NULL, 1, '00:24:25', ' ', ' ', ' ', '2022-07-07 19:24:25', 45, '0000-00-00 00:00:00', 1),
(282, 117, 10, 'Bañera', ' ', 6, NULL, 2, '00:02:15', '5 estrellas', ' ', ' ', '2022-07-07 19:31:58', 46, '0000-00-00 00:00:00', 1),
(283, 117, 13, 'Cargador', ' ', 6, NULL, 2, '00:06:14', '5 estrellas', ' ', ' ', '2022-07-07 19:34:52', 47, '0000-00-00 00:00:00', 1),
(284, 117, 2, 'Hay un olor feo', ' ', 6, NULL, 1, '00:47:07', ' ', ' ', ' ', '2022-07-07 19:47:07', 48, '0000-00-00 00:00:00', 1),
(285, 117, 3, 'Ruido', ' ', 6, NULL, 1, '00:49:06', ' ', ' ', ' ', '2022-07-07 19:49:06', 49, '0000-00-00 00:00:00', 1),
(286, 117, 7, 'Toallas', ' ', 6, NULL, 1, '00:55:29', ' ', ' ', ' ', '2022-07-07 19:55:29', 50, '0000-00-00 00:00:00', 1),
(287, 117, 5, 'Almohada', ' ', 6, NULL, 1, '01:00:20', ' ', ' ', ' ', '2022-07-07 20:00:20', 51, '0000-00-00 00:00:00', 1),
(288, 117, 3, 'Ruido', ' ', 6, NULL, 2, '00:00:19', '5 estrellas', ' ', ' ', '2022-07-07 20:05:44', 52, '0000-00-00 00:00:00', 1),
(289, 117, 3, 'Rui', ' ', 6, NULL, 2, '00:11:26', '5 estrellas', ' ', ' ', '2022-07-07 20:10:58', 53, '0000-00-00 00:00:00', 1),
(290, 117, 3, 'Ruido', ' ', 6, NULL, 2, '00:00:07', '5 estrellas', ' ', ' ', '2022-07-07 20:27:35', 54, '0000-00-00 00:00:00', 1),
(291, 117, 12, 'asda', ' ', 6, NULL, 1, '01:28:48', ' ', ' ', ' ', '2022-07-07 20:28:48', 55, '0000-00-00 00:00:00', 1),
(292, 117, 12, 'control', ' ', 6, NULL, 1, '01:36:47', ' ', ' ', ' ', '2022-07-07 20:36:47', 56, '0000-00-00 00:00:00', 1),
(293, 117, 2, 'Olor', ' ', 6, NULL, 2, '00:00:22', '5 estrellas', ' ', ' ', '2022-07-07 20:42:17', 57, '0000-00-00 00:00:00', 1),
(294, 117, 2, 'Olor', ' ', 6, NULL, 1, '02:46:48', ' ', ' ', ' ', '2022-07-07 21:46:48', 58, '0000-00-00 00:00:00', 1),
(295, 117, 8, 'Plancha', ' ', 6, NULL, 1, '02:47:30', ' ', ' ', ' ', '2022-07-07 21:47:30', 59, '0000-00-00 00:00:00', 1),
(296, 117, 1, 'Limpieza', ' ', 6, NULL, 1, '02:51:04', ' ', ' ', ' ', '2022-07-07 21:51:04', 60, '0000-00-00 00:00:00', 1),
(297, 117, 6, 'asd', ' ', 6, NULL, 1, '02:53:36', ' ', ' ', ' ', '2022-07-07 21:53:36', 61, '0000-00-00 00:00:00', 1),
(298, 117, 10, 'Agua', ' ', 6, NULL, 1, '03:31:21', ' ', ' ', ' ', '2022-07-07 22:31:21', 62, '0000-00-00 00:00:00', 1),
(299, 117, 14, 'Ok lumi', ' ', 6, NULL, 1, '03:50:42', ' ', ' ', ' ', '2022-07-07 22:50:42', 63, '0000-00-00 00:00:00', 1),
(300, 117, 6, 'Ma ', ' ', 6, NULL, 1, '03:51:31', ' ', ' ', ' ', '2022-07-07 22:51:31', 64, '0000-00-00 00:00:00', 1),
(301, 120, 1, 'Favor de limpiar ', ' ', 1, NULL, 2, '00:00:31', '3 estrellas', ' ', ' ', '2022-07-08 08:52:32', 9, '0000-00-00 00:00:00', 1),
(302, 123, 12, 'Favor de traer controles de tv', ' ', 10, 59, 2, '00:06:34', '5 estrellas', ' ', ' HOLA YA VAN A ENTREGAR', '2022-07-10 11:51:22', 1, '2022-07-10 11:55:15', 1),
(303, 127, 7, 'Favor de traer una toalla', ' ', 5, 0, 2, '00:06:51', '5 estrellas', ' ', ' EN UN MOMENTO', '2022-07-10 13:52:34', 1, '2022-07-10 13:55:57', 1),
(304, 128, 7, 'Favor de traer una toalla ', ' ', 5, 67, 2, '00:05:49', '5 estrellas', ' ', ' EN UN MOMENTO ', '2022-07-10 14:20:27', 1, '2022-07-10 14:23:34', 1),
(305, 114, 4, 'Clave wifi por favor', ' ', 56, 47, 2, '00:00:18', '5 estrellas', ' ', ' ', '2022-07-10 15:21:49', 5, '2022-07-10 15:21:56', 1),
(306, 120, 5, 'Favor de enviarme una almohada más delgada ', ' ', 10, NULL, 2, '00:00:14', '5 estrellas', ' ', ' ', '2022-07-10 17:41:57', 10, '0000-00-00 00:00:00', 1),
(307, 120, 5, 'Favor de enviarme una almohada más delgada', ' ', 10, NULL, 1, '22:50:31', ' ', ' ', ' ', '2022-07-10 17:50:31', 11, '0000-00-00 00:00:00', 0),
(308, 120, 5, 'Favor de enviarme una almohada sintética ', ' ', 10, NULL, 1, '23:03:17', ' ', ' ', ' ', '2022-07-10 18:03:17', 12, '0000-00-00 00:00:00', 0),
(309, 130, 4, 'Wifi', ' ', 201, 0, 2, '00:00:44', '5 estrellas', ' ', ' VAN EN CAMINO, LORENA LOS ATENDERÁ', '2022-07-10 20:06:40', 1, '2022-07-10 20:07:28', 1),
(310, 130, 13, 'Aayuda', ' ', 201, 70, 2, '00:00:40', '5 estrellas', ' ', ' LORENA LE AYUDARA', '2022-07-10 20:15:38', 2, '2022-07-10 20:18:06', 1),
(311, 130, 8, 'Plancha', ' ', 201, 0, 4, '01:23:15', ' ', ' ', 'NO RESPONDIó', '2022-07-10 20:23:15', 3, '0000-00-00 00:00:00', 1),
(312, 130, 6, 'Hace frío mas mantas por favor', ' ', 201, 0, 2, '01:24:51', ' ', ' ', 'SE ANTENDíO DESDE LA RECEPCIóN', '2022-07-10 20:24:51', 4, '0000-00-00 00:00:00', 1),
(313, 130, 5, 'Favor de traerme una almohada sintética ', ' ', 201, NULL, 1, '01:50:14', ' ', ' ', ' ', '2022-07-10 20:50:14', 5, '0000-00-00 00:00:00', 1),
(314, 130, 5, 'Traerme por favor una almohada sintética ', ' ', 201, 70, 2, '00:02:07', '5 estrellas', ' ', ' UN MOMENTO POR FAVOR', '2022-07-10 20:53:52', 6, '2022-07-10 20:54:50', 1),
(315, 130, 5, 'Favor de traerme una almohada sintética ', ' ', 201, 70, 2, '00:02:02', '5 estrellas', ' ', ' EN UN MOMENTO POR FAVOR', '2022-07-10 21:01:14', 7, '2022-07-10 21:02:07', 1),
(316, 130, 5, 'Favor de enviarme una almohada sintética ', ' ', 201, 70, 2, '00:02:17', '5 estrellas', ' ', ' EN UN MOMENTO POR FAVOR', '2022-07-10 21:10:19', 8, '2022-07-10 21:11:12', 1),
(317, 131, 5, 'Favor de enviar una almohada sintética ', ' ', 201, 71, 2, '00:02:41', '5 estrellas', ' ', ' PETICIÓN RECIBIDA EN UN MOMENTO ESTAMOS EN SU HABITACIÓN', '2022-07-11 10:52:17', 1, '2022-07-11 10:53:18', 1),
(318, 131, 5, 'Favor de enviar una almohada sintética ', ' ', 201, 0, 2, '16:19:10', ' ', ' ', 'ATNEDIDA', '2022-07-11 11:19:10', 2, '0000-00-00 00:00:00', 1),
(319, 131, 5, 'Favor de enviar una almohada sintética ', ' ', 201, 71, 2, '00:02:06', '5 estrellas', ' ', ' PETICIÓN RECIBIDA, EN UN MOMENTO ESTARÁ UNO DE NUESTROS COLABORADORES', '2022-07-11 11:23:34', 3, '2022-07-11 11:24:35', 1),
(320, 131, 5, 'Favor de enviar una almohada sintética ', ' ', 201, 71, 2, '00:02:34', '5 estrellas', ' ', ' PETICIÓN RECIBIDA EN UN MOMENTO SERÁ ATENDIDO', '2022-07-11 13:07:56', 4, '2022-07-11 13:09:34', 1),
(321, 131, 4, 'Favor de compartir la clave de internet ', ' ', 201, 71, 2, '00:02:42', '5 estrellas', ' ', ' HGKDSI$#$', '2022-07-11 13:28:34', 5, '2022-07-11 13:30:35', 1),
(322, 132, 8, 'Favor de prestarme una plancha ', ' ', 305, 72, 3, '18:37:46', ' ', ' ', ' PETICIÓN RECIBIDA, EN UN MOMENTO SE LA LLEVAN', '2022-07-11 13:37:46', 1, '2022-07-11 13:39:08', 1),
(323, 133, 8, 'Favor de enviar una plancha ', ' ', 301, 75, 2, '00:02:25', '5 estrellas', ' ', ' HOLA PETICIÓN RECIBIDA, EN UN MOMENTO SE LA LLEVAMOS', '2022-07-11 13:45:36', 1, '2022-07-11 13:47:12', 1),
(324, 133, 8, 'Favor de traerme una plancha', ' ', 300, 76, 2, '00:02:38', '4 estrellas', ' ', ' PETICIÓN RECIBDA EN UN MOMENTO SE LA LLEVAMOS', '2022-07-11 13:52:41', 2, '2022-07-11 13:53:51', 1),
(325, 134, 8, 'Favor de traer una plancha a mi habitación ', ' ', 201, 77, 2, '00:02:22', '3 estrellas', ' ', ' PETICIÓN RECIBIDA, EN UN MOMENTO SERÁ ATENDIDO', '2022-07-11 14:05:31', 1, '2022-07-11 14:06:35', 1),
(326, 88, 5, '', ' ', 6, NULL, 1, '00:13:55', ' ', ' ', ' ', '2022-08-05 19:13:55', 1, '0000-00-00 00:00:00', 1);

--
-- Disparadores `solicitud`
--
DELIMITER $$
CREATE TRIGGER `ActualizaAutorizado` BEFORE INSERT ON `solicitud` FOR EACH ROW set NEW.autorizado=(SELECT if(( SELECT COUNT(numhabitacionhuesped) from solicitud LEFT join hotel on solicitud.idHotel=hotel.idHotel where solicitud.idHotel=NEW.idHotel and hotel.pkHotel=1 and (DATE_FORMAT( FechaHorasolicitud,"%m-%Y")=DATE_FORMAT(date(now()),"%m-%Y"))) <10,1,0))
$$
DELIMITER ;
DELIMITER $$
CREATE TRIGGER `ActualizafolioHotel` BEFORE INSERT ON `solicitud` FOR EACH ROW set NEW.folioHotel=(SELECT if(isnull(max(folioHotel))=1,1,max(folioHotel)+1) FROM solicitud WHERE idHotel=NEW.idHotel)
$$
DELIMITER ;
DELIMITER $$
CREATE TRIGGER `ActualizatiempoStatus` BEFORE UPDATE ON `solicitud` FOR EACH ROW SET NEW.tiempoStatus=IF(NEW.statussolicitud=3, DATE_SUB(NOW(), INTERVAL 5 HOUR),NEW.tiempoStatus)
$$
DELIMITER ;

-- --------------------------------------------------------

--
-- Estructura de tabla para la tabla `tareas`
--

CREATE TABLE `tareas` (
  `idTarea` int(11) NOT NULL,
  `nombreTarea` text NOT NULL
) ENGINE=InnoDB DEFAULT CHARSET=utf8mb4;

--
-- Volcado de datos para la tabla `tareas`
--

INSERT INTO `tareas` (`idTarea`, `nombreTarea`) VALUES
(1, 'Limpieza'),
(2, 'Olor'),
(3, 'Ruido'),
(4, 'Internet'),
(5, 'Almohada'),
(6, 'Mantas'),
(7, 'Toallas'),
(8, 'Plancha'),
(9, 'TV'),
(10, 'Agua/bañera'),
(11, 'Aire Acondicionado'),
(12, 'Controles'),
(13, 'Cargador/convertidor'),
(14, 'Iluminación');

--
-- Índices para tablas volcadas
--

--
-- Indices de la tabla `habitaciones`
--
ALTER TABLE `habitaciones`
  ADD PRIMARY KEY (`idhabitaciones`);

--
-- Indices de la tabla `hotel`
--
ALTER TABLE `hotel`
  ADD PRIMARY KEY (`idHotel`);

--
-- Indices de la tabla `resolutor`
--
ALTER TABLE `resolutor`
  ADD PRIMARY KEY (`idresolutor`),
  ADD KEY `idhotel` (`idhotel`);

--
-- Indices de la tabla `solicitud`
--
ALTER TABLE `solicitud`
  ADD PRIMARY KEY (`idsolicitud`),
  ADD KEY `idhotel` (`idHotel`,`idsolicitud`),
  ADD KEY `idtarea` (`idtarea`),
  ADD KEY `idresolutor` (`idresolutor`) USING BTREE;

--
-- Indices de la tabla `tareas`
--
ALTER TABLE `tareas`
  ADD PRIMARY KEY (`idTarea`);

--
-- AUTO_INCREMENT de las tablas volcadas
--

--
-- AUTO_INCREMENT de la tabla `habitaciones`
--
ALTER TABLE `habitaciones`
  MODIFY `idhabitaciones` int(11) NOT NULL AUTO_INCREMENT, AUTO_INCREMENT=781;

--
-- AUTO_INCREMENT de la tabla `hotel`
--
ALTER TABLE `hotel`
  MODIFY `idHotel` int(11) NOT NULL AUTO_INCREMENT, AUTO_INCREMENT=135;

--
-- AUTO_INCREMENT de la tabla `resolutor`
--
ALTER TABLE `resolutor`
  MODIFY `idresolutor` int(11) NOT NULL AUTO_INCREMENT, AUTO_INCREMENT=79;

--
-- AUTO_INCREMENT de la tabla `solicitud`
--
ALTER TABLE `solicitud`
  MODIFY `idsolicitud` int(11) NOT NULL AUTO_INCREMENT, AUTO_INCREMENT=327;

--
-- AUTO_INCREMENT de la tabla `tareas`
--
ALTER TABLE `tareas`
  MODIFY `idTarea` int(11) NOT NULL AUTO_INCREMENT, AUTO_INCREMENT=15;

--
-- Restricciones para tablas volcadas
--

--
-- Filtros para la tabla `resolutor`
--
ALTER TABLE `resolutor`
  ADD CONSTRAINT `resolutor_ibfk_1` FOREIGN KEY (`idhotel`) REFERENCES `hotel` (`idHotel`) ON UPDATE CASCADE;

--
-- Filtros para la tabla `solicitud`
--
ALTER TABLE `solicitud`
  ADD CONSTRAINT `solicitud_ibfk_1` FOREIGN KEY (`idHotel`) REFERENCES `hotel` (`idHotel`) ON DELETE NO ACTION ON UPDATE CASCADE,
  ADD CONSTRAINT `solicitud_ibfk_2` FOREIGN KEY (`idtarea`) REFERENCES `tareas` (`idTarea`),
  ADD CONSTRAINT `solicitud_ibfk_3` FOREIGN KEY (`idresolutor`) REFERENCES `resolutor` (`idresolutor`) ON DELETE SET NULL ON UPDATE CASCADE;
COMMIT;

/*!40101 SET CHARACTER_SET_CLIENT=@OLD_CHARACTER_SET_CLIENT */;
/*!40101 SET CHARACTER_SET_RESULTS=@OLD_CHARACTER_SET_RESULTS */;
/*!40101 SET COLLATION_CONNECTION=@OLD_COLLATION_CONNECTION */;
